bot_conversation_id,planted,claimed_resolved,audit_snapshot,audit_with_history,follow_up_case_id,lag_days,account_churned
BOT-00001,escalated,Yes,cant_tell,contradicted,LS-13231,0.015,No
BOT-00002,same_theme_7,Yes,cant_tell,contradicted,LS-14555,5.888,No
BOT-00003,silence,Yes,cant_tell,not_contradicted,,,No
BOT-00004,silence,Yes,cant_tell,not_contradicted,,,No
BOT-00005,abandoned,No,out_of_scope,out_of_scope,,,No
BOT-00006,unrelated,Yes,cant_tell,not_contradicted,LS-10506,6.232,No
BOT-00007,handoff,No,out_of_scope,out_of_scope,LS-14574,0.01,No
BOT-00008,unrelated,Yes,cant_tell,not_contradicted,LS-10572,11.338,No
BOT-00009,silence,Yes,cant_tell,not_contradicted,,,No
BOT-00010,silence,Yes,cant_tell,not_contradicted,,,No
BOT-00011,same_theme_30,Yes,cant_tell,contradicted,LS-11682,22.058,No
BOT-00012,silence,Yes,cant_tell,not_contradicted,,,No
BOT-00013,silence,Yes,cant_tell,not_contradicted,,,No
BOT-00014,silence,Yes,cant_tell,not_contradicted,,,Yes
BOT-00015,silence,Yes,cant_tell,not_contradicted,,,Yes
BOT-00016,silence,Yes,cant_tell,not_contradicted,,,No
BOT-00017,silence,Yes,cant_tell,not_contradicted,,,No
BOT-00018,abandoned,No,out_of_scope,out_of_scope,,,No
BOT-00019,silence,Yes,cant_tell,not_contradicted,,,No
BOT-00020,silence,Yes,cant_tell,not_contradicted,,,No
BOT-00021,escalated,Yes,cant_tell,contradicted,LS-10130,0.022,No
BOT-00022,silence,Yes,cant_tell,not_contradicted,,,No
BOT-00023,escalated,Yes,cant_tell,contradicted,LS-13960,0.037,No
BOT-00024,silence,Yes,cant_tell,not_contradicted,,,No
BOT-00025,unrelated,Yes,cant_tell,not_contradicted,LS-10083,10.495,No
BOT-00026,silence,Yes,cant_tell,not_contradicted,,,Yes
BOT-00027,silence,Yes,cant_tell,not_contradicted,,,No
BOT-00028,same_theme_7,Yes,cant_tell,contradicted,LS-13127,4.511,No
BOT-00029,silence,Yes,cant_tell,not_contradicted,,,Yes
BOT-00030,silence,Yes,cant_tell,not_contradicted,,,No
BOT-00031,silence,Yes,cant_tell,not_contradicted,,,Yes
BOT-00032,unrelated,Yes,cant_tell,not_contradicted,LS-10440,5.3,No
BOT-00033,silence,Yes,cant_tell,not_contradicted,,,No
BOT-00034,silence,Yes,cant_tell,not_contradicted,,,No
BOT-00035,silence,Yes,cant_tell,not_contradicted,,,No
BOT-00036,silence,Yes,cant_tell,not_contradicted,,,Yes
BOT-00037,handoff,No,out_of_scope,out_of_scope,LS-14973,0.036,No
BOT-00038,handoff,No,out_of_scope,out_of_scope,LS-14539,0.021,No
BOT-00039,silence,Yes,cant_tell,not_contradicted,,,No
BOT-00040,reopened,Yes,cant_tell,contradicted,,,No
BOT-00041,handoff,No,out_of_scope,out_of_scope,LS-11251,0.022,Yes
BOT-00042,silence,Yes,cant_tell,not_contradicted,,,No
BOT-00043,same_theme_7,Yes,cant_tell,contradicted,LS-13901,3.776,No
BOT-00044,silence,Yes,cant_tell,not_contradicted,,,No
BOT-00045,silence,Yes,cant_tell,not_contradicted,,,No
BOT-00046,handoff,No,out_of_scope,out_of_scope,LS-11470,0.005,No
BOT-00047,silence,Yes,cant_tell,not_contradicted,,,No
BOT-00048,silence,Yes,cant_tell,not_contradicted,,,No
BOT-00049,silence,Yes,cant_tell,not_contradicted,,,No
BOT-00050,handoff,No,out_of_scope,out_of_scope,LS-10974,0.008,No
BOT-00051,silence,Yes,cant_tell,not_contradicted,,,No
BOT-00052,unrelated,Yes,cant_tell,not_contradicted,LS-14272,12.263,No
BOT-00053,escalated,Yes,cant_tell,contradicted,LS-10624,0.035,No
BOT-00054,silence,Yes,cant_tell,not_contradicted,,,No
BOT-00055,abandoned,No,out_of_scope,out_of_scope,,,Yes
BOT-00056,abandoned,No,out_of_scope,out_of_scope,,,No
BOT-00057,silence,Yes,cant_tell,not_contradicted,,,No
BOT-00058,unrelated,Yes,cant_tell,not_contradicted,LS-13857,6.976,No
BOT-00059,reopened,Yes,cant_tell,contradicted,,,No
BOT-00060,unrelated,Yes,cant_tell,not_contradicted,LS-13945,15.238,Yes
BOT-00061,same_theme_7,Yes,cant_tell,contradicted,LS-14018,1.262,No
BOT-00062,silence,Yes,cant_tell,not_contradicted,,,No
BOT-00063,reopened,Yes,cant_tell,contradicted,,,No
BOT-00064,silence,Yes,cant_tell,not_contradicted,,,No
BOT-00065,silence,Yes,cant_tell,not_contradicted,,,No
BOT-00066,silence,Yes,cant_tell,not_contradicted,,,No
BOT-00067,silence,Yes,cant_tell,not_contradicted,,,No
BOT-00068,silence,Yes,cant_tell,not_contradicted,,,No
BOT-00069,silence,Yes,cant_tell,not_contradicted,,,No
BOT-00070,silence,Yes,cant_tell,not_contradicted,,,No
BOT-00071,reopened,Yes,cant_tell,contradicted,,,No
BOT-00072,silence,Yes,cant_tell,not_contradicted,,,Yes
BOT-00073,silence,Yes,cant_tell,not_contradicted,,,No
BOT-00074,same_theme_7,Yes,cant_tell,contradicted,LS-12170,1.89,No
BOT-00075,unrelated,Yes,cant_tell,not_contradicted,LS-11008,1.212,No
BOT-00076,handoff,No,out_of_scope,out_of_scope,LS-11523,0.018,No
BOT-00077,escalated,Yes,cant_tell,contradicted,LS-10770,0.017,No
BOT-00078,handoff,No,out_of_scope,out_of_scope,LS-11867,0.019,No
BOT-00079,silence,Yes,cant_tell,not_contradicted,,,No
BOT-00080,silence,Yes,cant_tell,not_contradicted,,,No
BOT-00081,unrelated,Yes,cant_tell,not_contradicted,LS-10383,26.976,No
BOT-00082,silence,Yes,cant_tell,not_contradicted,,,No
BOT-00083,unrelated,Yes,cant_tell,not_contradicted,LS-14124,11.758,No
BOT-00084,handoff,No,out_of_scope,out_of_scope,LS-13275,0.018,Yes
BOT-00085,unrelated,Yes,cant_tell,not_contradicted,LS-14945,22.763,Yes
BOT-00086,same_theme_7,Yes,cant_tell,contradicted,LS-14593,1.045,No
BOT-00087,same_theme_7,Yes,cant_tell,contradicted,LS-13801,3.406,Yes
BOT-00088,same_theme_7,Yes,cant_tell,contradicted,LS-12632,0.569,Yes
BOT-00089,silence,Yes,cant_tell,not_contradicted,,,No
BOT-00090,handoff,No,out_of_scope,out_of_scope,LS-12579,0.029,No
BOT-00091,unrelated,Yes,cant_tell,not_contradicted,LS-10663,22.465,No
BOT-00092,handoff,No,out_of_scope,out_of_scope,LS-11877,0.037,No
BOT-00093,escalated,Yes,cant_tell,contradicted,LS-12014,0.028,No
BOT-00094,silence,Yes,cant_tell,not_contradicted,,,No
BOT-00095,reopened,Yes,cant_tell,contradicted,,,No
BOT-00096,silence,Yes,cant_tell,not_contradicted,,,No
BOT-00097,same_theme_14,Yes,cant_tell,contradicted,LS-13837,11.913,No
BOT-00098,escalated,Yes,cant_tell,contradicted,LS-14306,0.028,Yes
BOT-00099,same_theme_7,Yes,cant_tell,contradicted,LS-14641,1.697,Yes
BOT-00100,silence,Yes,cant_tell,not_contradicted,,,No
BOT-00101,silence,Yes,cant_tell,not_contradicted,,,No
BOT-00102,silence,Yes,cant_tell,not_contradicted,,,No
BOT-00103,handoff,No,out_of_scope,out_of_scope,LS-10798,0.005,No
BOT-00104,same_theme_7,Yes,cant_tell,contradicted,LS-12661,2.877,No
BOT-00105,silence,Yes,cant_tell,not_contradicted,,,No
BOT-00106,escalated,Yes,cant_tell,contradicted,LS-13979,0.032,No
BOT-00107,unrelated,Yes,cant_tell,not_contradicted,LS-12329,11.912,No
BOT-00108,silence,Yes,cant_tell,not_contradicted,,,No
BOT-00109,silence,Yes,cant_tell,not_contradicted,,,No
BOT-00110,abandoned,No,out_of_scope,out_of_scope,,,No
BOT-00111,same_theme_7,Yes,cant_tell,contradicted,LS-12126,0.676,No
BOT-00112,abandoned,No,out_of_scope,out_of_scope,,,No
BOT-00113,handoff,No,out_of_scope,out_of_scope,LS-12010,0.037,No
BOT-00114,silence,Yes,cant_tell,not_contradicted,,,No
BOT-00115,abandoned,No,out_of_scope,out_of_scope,,,No
BOT-00116,silence,Yes,cant_tell,not_contradicted,,,No
BOT-00117,same_theme_30,Yes,cant_tell,contradicted,LS-10279,29.343,No
BOT-00118,reopened,Yes,cant_tell,contradicted,,,No
BOT-00119,escalated,Yes,cant_tell,contradicted,LS-11626,0.004,No
BOT-00120,silence,Yes,cant_tell,not_contradicted,,,No
BOT-00121,handoff,No,out_of_scope,out_of_scope,LS-11745,0.028,No
BOT-00122,handoff,No,out_of_scope,out_of_scope,LS-12257,0.02,Yes
BOT-00123,silence,Yes,cant_tell,not_contradicted,,,No
BOT-00124,handoff,No,out_of_scope,out_of_scope,LS-14904,0.02,No
BOT-00125,silence,Yes,cant_tell,not_contradicted,,,No
BOT-00126,silence,Yes,cant_tell,not_contradicted,,,No
BOT-00127,silence,Yes,cant_tell,not_contradicted,,,No
BOT-00128,silence,Yes,cant_tell,not_contradicted,,,No
BOT-00129,escalated,Yes,cant_tell,contradicted,LS-10391,0.01,No
BOT-00130,escalated,Yes,cant_tell,contradicted,LS-11263,0.033,No
BOT-00131,silence,Yes,cant_tell,not_contradicted,,,No
BOT-00132,abandoned,No,out_of_scope,out_of_scope,,,No
BOT-00133,handoff,No,out_of_scope,out_of_scope,LS-12378,0.027,No
BOT-00134,silence,Yes,cant_tell,not_contradicted,,,No
BOT-00135,silence,Yes,cant_tell,not_contradicted,,,No
BOT-00136,same_theme_14,Yes,cant_tell,contradicted,LS-11784,13.201,No
BOT-00137,reopened,Yes,cant_tell,contradicted,,,Yes
BOT-00138,silence,Yes,cant_tell,not_contradicted,,,No
BOT-00139,same_theme_7,Yes,cant_tell,contradicted,LS-13518,1.72,No
BOT-00140,silence,Yes,cant_tell,not_contradicted,,,No
BOT-00141,silence,Yes,cant_tell,not_contradicted,,,No
BOT-00142,silence,Yes,cant_tell,not_contradicted,,,No
BOT-00143,abandoned,No,out_of_scope,out_of_scope,,,No
BOT-00144,silence,Yes,cant_tell,not_contradicted,,,Yes
BOT-00145,same_theme_30,Yes,cant_tell,contradicted,LS-13357,19.024,Yes
BOT-00146,reopened,Yes,cant_tell,contradicted,,,No
BOT-00147,reopened,Yes,cant_tell,contradicted,,,No
BOT-00148,same_theme_30,Yes,cant_tell,contradicted,LS-12806,21.688,No
BOT-00149,handoff,No,out_of_scope,out_of_scope,LS-12166,0.031,No
BOT-00150,silence,Yes,cant_tell,not_contradicted,,,No
BOT-00151,handoff,No,out_of_scope,out_of_scope,LS-13060,0.027,No
BOT-00152,handoff,No,out_of_scope,out_of_scope,LS-12049,0.027,No
BOT-00153,same_theme_7,Yes,cant_tell,contradicted,LS-12693,5.622,No
BOT-00154,silence,Yes,cant_tell,not_contradicted,,,No
BOT-00155,handoff,No,out_of_scope,out_of_scope,LS-11735,0.025,No
BOT-00156,abandoned,No,out_of_scope,out_of_scope,,,No
BOT-00157,handoff,No,out_of_scope,out_of_scope,LS-13355,0.033,No
BOT-00158,abandoned,No,out_of_scope,out_of_scope,,,No
BOT-00159,reopened,Yes,cant_tell,contradicted,,,No
BOT-00160,silence,Yes,cant_tell,not_contradicted,,,No
BOT-00161,handoff,No,out_of_scope,out_of_scope,LS-13512,0.034,No
BOT-00162,reopened,Yes,cant_tell,contradicted,,,No
BOT-00163,silence,Yes,cant_tell,not_contradicted,,,No
BOT-00164,unrelated,Yes,cant_tell,not_contradicted,LS-14507,5.114,No
BOT-00165,same_theme_30,Yes,cant_tell,contradicted,LS-10964,28.572,No
BOT-00166,abandoned,No,out_of_scope,out_of_scope,,,No
BOT-00167,silence,Yes,cant_tell,not_contradicted,,,Yes
BOT-00168,silence,Yes,cant_tell,not_contradicted,,,No
BOT-00169,handoff,No,out_of_scope,out_of_scope,LS-12774,0.037,Yes
BOT-00170,silence,Yes,cant_tell,not_contradicted,,,No
BOT-00171,silence,Yes,cant_tell,not_contradicted,,,No
BOT-00172,unrelated,Yes,cant_tell,not_contradicted,LS-10422,6.453,No
BOT-00173,escalated,Yes,cant_tell,contradicted,LS-14484,0.024,No
BOT-00174,handoff,No,out_of_scope,out_of_scope,LS-12879,0.006,No
BOT-00175,silence,Yes,cant_tell,not_contradicted,,,No
BOT-00176,same_theme_7,Yes,cant_tell,contradicted,LS-14490,1.983,No
BOT-00177,handoff,No,out_of_scope,out_of_scope,LS-13751,0.029,Yes
BOT-00178,silence,Yes,cant_tell,not_contradicted,,,No
BOT-00179,silence,Yes,cant_tell,not_contradicted,,,Yes
BOT-00180,silence,Yes,cant_tell,not_contradicted,,,No
BOT-00181,silence,Yes,cant_tell,not_contradicted,,,No
BOT-00182,handoff,No,out_of_scope,out_of_scope,LS-11390,0.013,No
BOT-00183,unrelated,Yes,cant_tell,not_contradicted,LS-12400,13.37,Yes
BOT-00184,same_theme_14,Yes,cant_tell,contradicted,LS-12522,11.608,No
BOT-00185,handoff,No,out_of_scope,out_of_scope,LS-10578,0.028,No
BOT-00186,reopened,Yes,cant_tell,contradicted,,,No
BOT-00187,silence,Yes,cant_tell,not_contradicted,,,No
BOT-00188,unrelated,Yes,cant_tell,not_contradicted,LS-12677,3.894,Yes
BOT-00189,silence,Yes,cant_tell,not_contradicted,,,No
BOT-00190,silence,Yes,cant_tell,not_contradicted,,,No
BOT-00191,escalated,Yes,cant_tell,contradicted,LS-12838,0.018,No
BOT-00192,silence,Yes,cant_tell,not_contradicted,,,No
BOT-00193,reopened,Yes,cant_tell,contradicted,,,No
BOT-00194,unrelated,Yes,cant_tell,not_contradicted,LS-10979,12.084,No
BOT-00195,abandoned,No,out_of_scope,out_of_scope,,,No
BOT-00196,unrelated,Yes,cant_tell,not_contradicted,LS-11155,17.815,No
BOT-00197,silence,Yes,cant_tell,not_contradicted,,,No
BOT-00198,silence,Yes,cant_tell,not_contradicted,,,Yes
BOT-00199,reopened,Yes,cant_tell,contradicted,,,No
BOT-00200,unrelated,Yes,cant_tell,not_contradicted,LS-14770,4.669,No
BOT-00201,handoff,No,out_of_scope,out_of_scope,LS-10459,0.022,Yes
BOT-00202,silence,Yes,cant_tell,not_contradicted,,,No
BOT-00203,handoff,No,out_of_scope,out_of_scope,LS-12635,0.036,No
BOT-00204,handoff,No,out_of_scope,out_of_scope,LS-10399,0.029,No
BOT-00205,same_theme_7,Yes,cant_tell,contradicted,LS-14655,6.157,Yes
BOT-00206,silence,Yes,cant_tell,not_contradicted,,,No
BOT-00207,handoff,No,out_of_scope,out_of_scope,LS-14604,0.015,No
BOT-00208,silence,Yes,cant_tell,not_contradicted,,,Yes
BOT-00209,same_theme_14,Yes,cant_tell,contradicted,LS-12305,12.618,No
BOT-00210,silence,Yes,cant_tell,not_contradicted,,,No
BOT-00211,silence,Yes,cant_tell,not_contradicted,,,No
BOT-00212,same_theme_14,Yes,cant_tell,contradicted,LS-10497,8.075,No
BOT-00213,abandoned,No,out_of_scope,out_of_scope,,,No
BOT-00214,escalated,Yes,cant_tell,contradicted,LS-11436,0.033,No
BOT-00215,silence,Yes,cant_tell,not_contradicted,,,No
BOT-00216,silence,Yes,cant_tell,not_contradicted,,,No
BOT-00217,silence,Yes,cant_tell,not_contradicted,,,No
BOT-00218,same_theme_7,Yes,cant_tell,contradicted,LS-14012,6.17,No
BOT-00219,silence,Yes,cant_tell,not_contradicted,,,No
BOT-00220,silence,Yes,cant_tell,not_contradicted,,,Yes
BOT-00221,abandoned,No,out_of_scope,out_of_scope,,,No
BOT-00222,same_theme_7,Yes,cant_tell,contradicted,LS-15034,5.301,No
BOT-00223,unrelated,Yes,cant_tell,not_contradicted,LS-11545,14.201,No
BOT-00224,silence,Yes,cant_tell,not_contradicted,,,Yes
BOT-00225,handoff,No,out_of_scope,out_of_scope,LS-14964,0.013,No
BOT-00226,handoff,No,out_of_scope,out_of_scope,LS-12870,0.014,No
BOT-00227,same_theme_30,Yes,cant_tell,contradicted,LS-11380,17.233,No
BOT-00228,reopened,Yes,cant_tell,contradicted,,,No
BOT-00229,silence,Yes,cant_tell,not_contradicted,,,No
BOT-00230,same_theme_30,Yes,cant_tell,contradicted,LS-10119,29.217,No
BOT-00231,silence,Yes,cant_tell,not_contradicted,,,No
BOT-00232,unrelated,Yes,cant_tell,not_contradicted,LS-13006,19.158,No
BOT-00233,same_theme_7,Yes,cant_tell,contradicted,LS-10731,6.138,No
BOT-00234,same_theme_30,Yes,cant_tell,contradicted,LS-10132,20.512,No
BOT-00235,escalated,Yes,cant_tell,contradicted,LS-13673,0.028,No
BOT-00236,silence,Yes,cant_tell,not_contradicted,,,No
BOT-00237,silence,Yes,cant_tell,not_contradicted,,,No
BOT-00238,escalated,Yes,cant_tell,contradicted,LS-11517,0.012,No
BOT-00239,silence,Yes,cant_tell,not_contradicted,,,No
BOT-00240,same_theme_14,Yes,cant_tell,contradicted,LS-10036,10.231,No
BOT-00241,silence,Yes,cant_tell,not_contradicted,,,No
BOT-00242,unrelated,Yes,cant_tell,not_contradicted,LS-13853,15.615,No
BOT-00243,handoff,No,out_of_scope,out_of_scope,LS-13213,0.026,Yes
BOT-00244,unrelated,Yes,cant_tell,not_contradicted,LS-10532,26.006,No
BOT-00245,silence,Yes,cant_tell,not_contradicted,,,No
BOT-00246,escalated,Yes,cant_tell,contradicted,LS-10605,0.013,No
BOT-00247,silence,Yes,cant_tell,not_contradicted,,,No
BOT-00248,silence,Yes,cant_tell,not_contradicted,,,No
BOT-00249,unrelated,Yes,cant_tell,not_contradicted,LS-14328,5.172,No
BOT-00250,silence,Yes,cant_tell,not_contradicted,,,Yes
BOT-00251,unrelated,Yes,cant_tell,not_contradicted,LS-10299,21.026,No
BOT-00252,handoff,No,out_of_scope,out_of_scope,LS-13805,0.035,Yes
BOT-00253,abandoned,No,out_of_scope,out_of_scope,,,No
BOT-00254,handoff,No,out_of_scope,out_of_scope,LS-14807,0.017,No
BOT-00255,abandoned,No,out_of_scope,out_of_scope,,,No
BOT-00256,silence,Yes,cant_tell,not_contradicted,,,No
BOT-00257,handoff,No,out_of_scope,out_of_scope,LS-14222,0.015,No
BOT-00258,silence,Yes,cant_tell,not_contradicted,,,No
BOT-00259,unrelated,Yes,cant_tell,not_contradicted,LS-14469,13.148,No
BOT-00260,same_theme_30,Yes,cant_tell,contradicted,LS-12973,18.38,No
BOT-00261,silence,Yes,cant_tell,not_contradicted,,,No
BOT-00262,silence,Yes,cant_tell,not_contradicted,,,No
BOT-00263,abandoned,No,out_of_scope,out_of_scope,,,Yes
BOT-00264,silence,Yes,cant_tell,not_contradicted,,,No
BOT-00265,silence,Yes,cant_tell,not_contradicted,,,No
BOT-00266,silence,Yes,cant_tell,not_contradicted,,,No
BOT-00267,silence,Yes,cant_tell,not_contradicted,,,No
BOT-00268,handoff,No,out_of_scope,out_of_scope,LS-13000,0.025,No
BOT-00269,same_theme_14,Yes,cant_tell,contradicted,LS-12759,10.111,No
BOT-00270,silence,Yes,cant_tell,not_contradicted,,,No
BOT-00271,silence,Yes,cant_tell,not_contradicted,,,Yes
BOT-00272,silence,Yes,cant_tell,not_contradicted,,,No
BOT-00273,silence,Yes,cant_tell,not_contradicted,,,No
BOT-00274,reopened,Yes,cant_tell,contradicted,,,No
BOT-00275,silence,Yes,cant_tell,not_contradicted,,,No
BOT-00276,silence,Yes,cant_tell,not_contradicted,,,No
BOT-00277,handoff,No,out_of_scope,out_of_scope,LS-13053,0.014,No
BOT-00278,same_theme_7,Yes,cant_tell,contradicted,LS-11092,2.876,Yes
BOT-00279,same_theme_14,Yes,cant_tell,contradicted,LS-12816,10.63,No
BOT-00280,silence,Yes,cant_tell,not_contradicted,,,No
BOT-00281,silence,Yes,cant_tell,not_contradicted,,,No
BOT-00282,silence,Yes,cant_tell,not_contradicted,,,Yes
BOT-00283,same_theme_30,Yes,cant_tell,contradicted,LS-12132,27.279,Yes
BOT-00284,abandoned,No,out_of_scope,out_of_scope,,,No
BOT-00285,silence,Yes,cant_tell,not_contradicted,,,No
BOT-00286,silence,Yes,cant_tell,not_contradicted,,,No
BOT-00287,handoff,No,out_of_scope,out_of_scope,LS-14244,0.028,No
BOT-00288,silence,Yes,cant_tell,not_contradicted,,,No
BOT-00289,same_theme_7,Yes,cant_tell,contradicted,LS-13879,0.773,No
BOT-00290,unrelated,Yes,cant_tell,not_contradicted,LS-14998,17.896,No
BOT-00291,same_theme_7,Yes,cant_tell,contradicted,LS-14227,5.802,No
BOT-00292,silence,Yes,cant_tell,not_contradicted,,,No
BOT-00293,silence,Yes,cant_tell,not_contradicted,,,No
BOT-00294,silence,Yes,cant_tell,not_contradicted,,,No
BOT-00295,silence,Yes,cant_tell,not_contradicted,,,No
BOT-00296,abandoned,No,out_of_scope,out_of_scope,,,No
BOT-00297,silence,Yes,cant_tell,not_contradicted,,,No
BOT-00298,silence,Yes,cant_tell,not_contradicted,,,No
BOT-00299,handoff,No,out_of_scope,out_of_scope,LS-10332,0.017,Yes
BOT-00300,same_theme_7,Yes,cant_tell,contradicted,LS-13269,1.304,Yes
BOT-00301,handoff,No,out_of_scope,out_of_scope,LS-11589,0.006,No
BOT-00302,unrelated,Yes,cant_tell,not_contradicted,LS-10362,8.267,No
BOT-00303,silence,Yes,cant_tell,not_contradicted,,,No
BOT-00304,same_theme_30,Yes,cant_tell,contradicted,LS-14100,19.801,No
BOT-00305,same_theme_7,Yes,cant_tell,contradicted,LS-10283,1.794,No
BOT-00306,silence,Yes,cant_tell,not_contradicted,,,No
BOT-00307,handoff,No,out_of_scope,out_of_scope,LS-14892,0.027,No
BOT-00308,unrelated,Yes,cant_tell,not_contradicted,LS-14189,1.105,No
BOT-00309,silence,Yes,cant_tell,not_contradicted,,,No
BOT-00310,handoff,No,out_of_scope,out_of_scope,LS-14086,0.016,No
BOT-00311,silence,Yes,cant_tell,not_contradicted,,,No
BOT-00312,same_theme_7,Yes,cant_tell,contradicted,LS-13207,4.901,Yes
BOT-00313,handoff,No,out_of_scope,out_of_scope,LS-14487,0.007,No
BOT-00314,reopened,Yes,cant_tell,contradicted,,,No
BOT-00315,silence,Yes,cant_tell,not_contradicted,,,No
BOT-00316,handoff,No,out_of_scope,out_of_scope,LS-10402,0.01,No
BOT-00317,handoff,No,out_of_scope,out_of_scope,LS-12509,0.031,No
BOT-00318,silence,Yes,cant_tell,not_contradicted,,,No
BOT-00319,silence,Yes,cant_tell,not_contradicted,,,No
BOT-00320,silence,Yes,cant_tell,not_contradicted,,,No
BOT-00321,silence,Yes,cant_tell,not_contradicted,,,No
BOT-00322,silence,Yes,cant_tell,not_contradicted,,,No
BOT-00323,silence,Yes,cant_tell,not_contradicted,,,No
BOT-00324,silence,Yes,cant_tell,not_contradicted,,,No
BOT-00325,escalated,Yes,cant_tell,contradicted,LS-11878,0.024,No
BOT-00326,silence,Yes,cant_tell,not_contradicted,,,No
BOT-00327,reopened,Yes,cant_tell,contradicted,,,No
BOT-00328,silence,Yes,cant_tell,not_contradicted,,,No
BOT-00329,silence,Yes,cant_tell,not_contradicted,,,No
BOT-00330,silence,Yes,cant_tell,not_contradicted,,,No
BOT-00331,silence,Yes,cant_tell,not_contradicted,,,No
BOT-00332,handoff,No,out_of_scope,out_of_scope,LS-14829,0.027,Yes
BOT-00333,silence,Yes,cant_tell,not_contradicted,,,No
BOT-00334,silence,Yes,cant_tell,not_contradicted,,,No
BOT-00335,handoff,No,out_of_scope,out_of_scope,LS-14196,0.017,No
BOT-00336,escalated,Yes,cant_tell,contradicted,LS-12788,0.006,No
BOT-00337,silence,Yes,cant_tell,not_contradicted,,,No
BOT-00338,silence,Yes,cant_tell,not_contradicted,,,No
BOT-00339,abandoned,No,out_of_scope,out_of_scope,,,No
BOT-00340,abandoned,No,out_of_scope,out_of_scope,,,No
BOT-00341,unrelated,Yes,cant_tell,not_contradicted,LS-11226,5.135,No
BOT-00342,handoff,No,out_of_scope,out_of_scope,LS-12457,0.018,No
BOT-00343,handoff,No,out_of_scope,out_of_scope,LS-14653,0.012,Yes
BOT-00344,silence,Yes,cant_tell,not_contradicted,,,No
BOT-00345,silence,Yes,cant_tell,not_contradicted,,,No
BOT-00346,unrelated,Yes,cant_tell,not_contradicted,LS-13978,8.342,No
BOT-00347,same_theme_7,Yes,cant_tell,contradicted,LS-14266,6.117,No
BOT-00348,abandoned,No,out_of_scope,out_of_scope,,,No
BOT-00349,unrelated,Yes,cant_tell,not_contradicted,LS-13733,5.942,No
BOT-00350,handoff,No,out_of_scope,out_of_scope,LS-12666,0.005,No
BOT-00351,silence,Yes,cant_tell,not_contradicted,,,No
BOT-00352,silence,Yes,cant_tell,not_contradicted,,,No
BOT-00353,escalated,Yes,cant_tell,contradicted,LS-12622,0.023,Yes
BOT-00354,silence,Yes,cant_tell,not_contradicted,,,No
BOT-00355,handoff,No,out_of_scope,out_of_scope,LS-12203,0.028,No
BOT-00356,escalated,Yes,cant_tell,contradicted,LS-13041,0.037,No
BOT-00357,silence,Yes,cant_tell,not_contradicted,,,No
BOT-00358,abandoned,No,out_of_scope,out_of_scope,,,No
BOT-00359,silence,Yes,cant_tell,not_contradicted,,,Yes
BOT-00360,silence,Yes,cant_tell,not_contradicted,,,No
BOT-00361,silence,Yes,cant_tell,not_contradicted,,,No
BOT-00362,abandoned,No,out_of_scope,out_of_scope,,,No
BOT-00363,silence,Yes,cant_tell,not_contradicted,,,No
BOT-00364,abandoned,No,out_of_scope,out_of_scope,,,Yes
BOT-00365,silence,Yes,cant_tell,not_contradicted,,,No
BOT-00366,same_theme_14,Yes,cant_tell,contradicted,LS-14092,7.694,No
BOT-00367,same_theme_14,Yes,cant_tell,contradicted,LS-14884,9.431,No
BOT-00368,escalated,Yes,cant_tell,contradicted,LS-13938,0.013,No
BOT-00369,abandoned,No,out_of_scope,out_of_scope,,,No
BOT-00370,same_theme_7,Yes,cant_tell,contradicted,LS-11530,4.565,No
BOT-00371,same_theme_30,Yes,cant_tell,contradicted,LS-11126,21.026,No
BOT-00372,same_theme_7,Yes,cant_tell,contradicted,LS-14297,2.894,No
BOT-00373,same_theme_14,Yes,cant_tell,contradicted,LS-13473,11.094,No
BOT-00374,silence,Yes,cant_tell,not_contradicted,,,No
BOT-00375,reopened,Yes,cant_tell,contradicted,,,No
BOT-00376,handoff,No,out_of_scope,out_of_scope,LS-13437,0.015,No
BOT-00377,silence,Yes,cant_tell,not_contradicted,,,No
BOT-00378,silence,Yes,cant_tell,not_contradicted,,,No
BOT-00379,silence,Yes,cant_tell,not_contradicted,,,No
BOT-00380,silence,Yes,cant_tell,not_contradicted,,,Yes
BOT-00381,unrelated,Yes,cant_tell,not_contradicted,LS-13674,10.81,No
BOT-00382,silence,Yes,cant_tell,not_contradicted,,,No
BOT-00383,abandoned,No,out_of_scope,out_of_scope,,,No
BOT-00384,handoff,No,out_of_scope,out_of_scope,LS-10323,0.031,No
BOT-00385,unrelated,Yes,cant_tell,not_contradicted,LS-10259,20.667,No
BOT-00386,silence,Yes,cant_tell,not_contradicted,,,No
BOT-00387,same_theme_30,Yes,cant_tell,contradicted,LS-12574,23.651,Yes
BOT-00388,silence,Yes,cant_tell,not_contradicted,,,No
BOT-00389,same_theme_30,Yes,cant_tell,contradicted,LS-11364,27.388,No
BOT-00390,silence,Yes,cant_tell,not_contradicted,,,No
BOT-00391,handoff,No,out_of_scope,out_of_scope,LS-14406,0.022,No
BOT-00392,escalated,Yes,cant_tell,contradicted,LS-10316,0.013,No
BOT-00393,silence,Yes,cant_tell,not_contradicted,,,No
BOT-00394,silence,Yes,cant_tell,not_contradicted,,,No
BOT-00395,silence,Yes,cant_tell,not_contradicted,,,No
BOT-00396,handoff,No,out_of_scope,out_of_scope,LS-14202,0.009,No
BOT-00397,silence,Yes,cant_tell,not_contradicted,,,No
BOT-00398,same_theme_30,Yes,cant_tell,contradicted,LS-14019,20.163,No
BOT-00399,handoff,No,out_of_scope,out_of_scope,LS-10242,0.031,No
BOT-00400,silence,Yes,cant_tell,not_contradicted,,,No
BOT-00401,handoff,No,out_of_scope,out_of_scope,LS-11528,0.026,No
BOT-00402,handoff,No,out_of_scope,out_of_scope,LS-13313,0.01,No
BOT-00403,silence,Yes,cant_tell,not_contradicted,,,No
BOT-00404,abandoned,No,out_of_scope,out_of_scope,,,No
BOT-00405,escalated,Yes,cant_tell,contradicted,LS-14971,0.031,No
BOT-00406,unrelated,Yes,cant_tell,not_contradicted,LS-13142,27.958,No
BOT-00407,handoff,No,out_of_scope,out_of_scope,LS-10568,0.014,No
BOT-00408,handoff,No,out_of_scope,out_of_scope,LS-11799,0.031,No
BOT-00409,abandoned,No,out_of_scope,out_of_scope,,,No
BOT-00410,silence,Yes,cant_tell,not_contradicted,,,No
BOT-00411,abandoned,No,out_of_scope,out_of_scope,,,No
BOT-00412,silence,Yes,cant_tell,not_contradicted,,,No
BOT-00413,silence,Yes,cant_tell,not_contradicted,,,No
BOT-00414,handoff,No,out_of_scope,out_of_scope,LS-11630,0.031,No
BOT-00415,same_theme_30,Yes,cant_tell,contradicted,LS-11595,17.71,No
BOT-00416,silence,Yes,cant_tell,not_contradicted,,,Yes
BOT-00417,unrelated,Yes,cant_tell,not_contradicted,LS-11286,27.616,No
BOT-00418,silence,Yes,cant_tell,not_contradicted,,,No
BOT-00419,silence,Yes,cant_tell,not_contradicted,,,No
BOT-00420,same_theme_7,Yes,cant_tell,contradicted,LS-10604,2.471,No
BOT-00421,handoff,No,out_of_scope,out_of_scope,LS-10941,0.021,Yes
BOT-00422,abandoned,No,out_of_scope,out_of_scope,,,No
BOT-00423,unrelated,Yes,cant_tell,not_contradicted,LS-11292,20.642,No
BOT-00424,silence,Yes,cant_tell,not_contradicted,,,No
BOT-00425,escalated,Yes,cant_tell,contradicted,LS-12633,0.033,No
BOT-00426,handoff,No,out_of_scope,out_of_scope,LS-15011,0.011,No
BOT-00427,silence,Yes,cant_tell,not_contradicted,,,No
BOT-00428,escalated,Yes,cant_tell,contradicted,LS-12518,0.021,No
BOT-00429,silence,Yes,cant_tell,not_contradicted,,,No
BOT-00430,silence,Yes,cant_tell,not_contradicted,,,No
BOT-00431,abandoned,No,out_of_scope,out_of_scope,,,No
BOT-00432,silence,Yes,cant_tell,not_contradicted,,,Yes
BOT-00433,silence,Yes,cant_tell,not_contradicted,,,No
BOT-00434,silence,Yes,cant_tell,not_contradicted,,,No
BOT-00435,unrelated,Yes,cant_tell,not_contradicted,LS-11677,7.11,No
BOT-00436,same_theme_14,Yes,cant_tell,contradicted,LS-13546,10.475,No
BOT-00437,abandoned,No,out_of_scope,out_of_scope,,,No
BOT-00438,unrelated,Yes,cant_tell,not_contradicted,LS-14722,25.616,No
BOT-00439,handoff,No,out_of_scope,out_of_scope,LS-14567,0.006,No
BOT-00440,silence,Yes,cant_tell,not_contradicted,,,No
BOT-00441,silence,Yes,cant_tell,not_contradicted,,,No
BOT-00442,silence,Yes,cant_tell,not_contradicted,,,No
BOT-00443,silence,Yes,cant_tell,not_contradicted,,,No
BOT-00444,silence,Yes,cant_tell,not_contradicted,,,No
BOT-00445,escalated,Yes,cant_tell,contradicted,LS-11264,0.018,No
BOT-00446,silence,Yes,cant_tell,not_contradicted,,,No
BOT-00447,abandoned,No,out_of_scope,out_of_scope,,,No
BOT-00448,silence,Yes,cant_tell,not_contradicted,,,No
BOT-00449,escalated,Yes,cant_tell,contradicted,LS-14385,0.008,No
BOT-00450,silence,Yes,cant_tell,not_contradicted,,,No
BOT-00451,same_theme_7,Yes,cant_tell,contradicted,LS-10349,6.399,No
BOT-00452,silence,Yes,cant_tell,not_contradicted,,,No
BOT-00453,unrelated,Yes,cant_tell,not_contradicted,LS-11949,15.034,No
BOT-00454,silence,Yes,cant_tell,not_contradicted,,,No
BOT-00455,silence,Yes,cant_tell,not_contradicted,,,No
BOT-00456,silence,Yes,cant_tell,not_contradicted,,,No
BOT-00457,handoff,No,out_of_scope,out_of_scope,LS-11634,0.006,No
BOT-00458,reopened,Yes,cant_tell,contradicted,,,No
BOT-00459,silence,Yes,cant_tell,not_contradicted,,,Yes
BOT-00460,reopened,Yes,cant_tell,contradicted,,,No
BOT-00461,same_theme_30,Yes,cant_tell,contradicted,LS-13323,22.34,No
BOT-00462,abandoned,No,out_of_scope,out_of_scope,,,No
BOT-00463,silence,Yes,cant_tell,not_contradicted,,,No
BOT-00464,silence,Yes,cant_tell,not_contradicted,,,Yes
BOT-00465,silence,Yes,cant_tell,not_contradicted,,,No
BOT-00466,silence,Yes,cant_tell,not_contradicted,,,No
BOT-00467,abandoned,No,out_of_scope,out_of_scope,,,No
BOT-00468,unrelated,Yes,cant_tell,not_contradicted,LS-13515,7.057,No
BOT-00469,silence,Yes,cant_tell,not_contradicted,,,No
BOT-00470,unrelated,Yes,cant_tell,not_contradicted,LS-13658,21.897,No
BOT-00471,unrelated,Yes,cant_tell,not_contradicted,LS-11402,27.217,No
BOT-00472,silence,Yes,cant_tell,not_contradicted,,,No
BOT-00473,silence,Yes,cant_tell,not_contradicted,,,No
BOT-00474,handoff,No,out_of_scope,out_of_scope,LS-13905,0.025,No
BOT-00475,silence,Yes,cant_tell,not_contradicted,,,No
BOT-00476,silence,Yes,cant_tell,not_contradicted,,,No
BOT-00477,silence,Yes,cant_tell,not_contradicted,,,No
BOT-00478,escalated,Yes,cant_tell,contradicted,LS-11691,0.025,Yes
BOT-00479,silence,Yes,cant_tell,not_contradicted,,,No
BOT-00480,reopened,Yes,cant_tell,contradicted,,,No
BOT-00481,unrelated,Yes,cant_tell,not_contradicted,LS-11342,28.083,No
BOT-00482,unrelated,Yes,cant_tell,not_contradicted,LS-10018,26.516,No
BOT-00483,handoff,No,out_of_scope,out_of_scope,LS-11978,0.022,No
BOT-00484,handoff,No,out_of_scope,out_of_scope,LS-10673,0.019,No
BOT-00485,silence,Yes,cant_tell,not_contradicted,,,No
BOT-00486,silence,Yes,cant_tell,not_contradicted,,,No
BOT-00487,silence,Yes,cant_tell,not_contradicted,,,No
BOT-00488,silence,Yes,cant_tell,not_contradicted,,,No
BOT-00489,handoff,No,out_of_scope,out_of_scope,LS-13771,0.01,No
BOT-00490,silence,Yes,cant_tell,not_contradicted,,,No
BOT-00491,same_theme_7,Yes,cant_tell,contradicted,LS-14016,1.242,No
BOT-00492,silence,Yes,cant_tell,not_contradicted,,,No
BOT-00493,same_theme_7,Yes,cant_tell,contradicted,LS-13356,1.074,Yes
BOT-00494,silence,Yes,cant_tell,not_contradicted,,,No
BOT-00495,silence,Yes,cant_tell,not_contradicted,,,No
BOT-00496,same_theme_7,Yes,cant_tell,contradicted,LS-11762,6.464,No
BOT-00497,handoff,No,out_of_scope,out_of_scope,LS-13495,0.004,No
BOT-00498,silence,Yes,cant_tell,not_contradicted,,,No
BOT-00499,handoff,No,out_of_scope,out_of_scope,LS-14331,0.018,No
BOT-00500,handoff,No,out_of_scope,out_of_scope,LS-13586,0.015,No
BOT-00501,silence,Yes,cant_tell,not_contradicted,,,No
BOT-00502,same_theme_7,Yes,cant_tell,contradicted,LS-10714,6.378,No
BOT-00503,reopened,Yes,cant_tell,contradicted,,,Yes
BOT-00504,same_theme_7,Yes,cant_tell,contradicted,LS-14835,1.788,No
BOT-00505,unrelated,Yes,cant_tell,not_contradicted,LS-12432,28.649,Yes
BOT-00506,silence,Yes,cant_tell,not_contradicted,,,No
BOT-00507,same_theme_7,Yes,cant_tell,contradicted,LS-12793,4.677,No
BOT-00508,silence,Yes,cant_tell,not_contradicted,,,No
BOT-00509,silence,Yes,cant_tell,not_contradicted,,,No
BOT-00510,silence,Yes,cant_tell,not_contradicted,,,No
BOT-00511,silence,Yes,cant_tell,not_contradicted,,,No
BOT-00512,handoff,No,out_of_scope,out_of_scope,LS-14133,0.022,No
BOT-00513,handoff,No,out_of_scope,out_of_scope,LS-11874,0.011,No
BOT-00514,unrelated,Yes,cant_tell,not_contradicted,LS-10625,3.654,No
BOT-00515,abandoned,No,out_of_scope,out_of_scope,,,No
BOT-00516,handoff,No,out_of_scope,out_of_scope,LS-11868,0.021,No
BOT-00517,silence,Yes,cant_tell,not_contradicted,,,Yes
BOT-00518,escalated,Yes,cant_tell,contradicted,LS-14664,0.034,No
BOT-00519,abandoned,No,out_of_scope,out_of_scope,,,Yes
BOT-00520,same_theme_7,Yes,cant_tell,contradicted,LS-14801,0.859,No
BOT-00521,same_theme_14,Yes,cant_tell,contradicted,LS-13211,8.483,Yes
BOT-00522,silence,Yes,cant_tell,not_contradicted,,,No
BOT-00523,silence,Yes,cant_tell,not_contradicted,,,No
BOT-00524,same_theme_14,Yes,cant_tell,contradicted,LS-14375,8.51,No
BOT-00525,silence,Yes,cant_tell,not_contradicted,,,No
BOT-00526,silence,Yes,cant_tell,not_contradicted,,,Yes
BOT-00527,silence,Yes,cant_tell,not_contradicted,,,No
BOT-00528,reopened,Yes,cant_tell,contradicted,,,No
BOT-00529,silence,Yes,cant_tell,not_contradicted,,,Yes
BOT-00530,unrelated,Yes,cant_tell,not_contradicted,LS-12075,0.604,No
BOT-00531,silence,Yes,cant_tell,not_contradicted,,,No
BOT-00532,same_theme_30,Yes,cant_tell,contradicted,LS-13429,24.909,No
BOT-00533,abandoned,No,out_of_scope,out_of_scope,,,No
BOT-00534,same_theme_7,Yes,cant_tell,contradicted,LS-10722,3.084,No
BOT-00535,silence,Yes,cant_tell,not_contradicted,,,No
BOT-00536,silence,Yes,cant_tell,not_contradicted,,,No
BOT-00537,unrelated,Yes,cant_tell,not_contradicted,LS-10556,4.708,No
BOT-00538,handoff,No,out_of_scope,out_of_scope,LS-10681,0.022,No
BOT-00539,silence,Yes,cant_tell,not_contradicted,,,No
BOT-00540,escalated,Yes,cant_tell,contradicted,LS-11207,0.006,No
BOT-00541,abandoned,No,out_of_scope,out_of_scope,,,No
BOT-00542,silence,Yes,cant_tell,not_contradicted,,,No
BOT-00543,same_theme_7,Yes,cant_tell,contradicted,LS-13511,4.015,No
BOT-00544,silence,Yes,cant_tell,not_contradicted,,,No
BOT-00545,handoff,No,out_of_scope,out_of_scope,LS-12626,0.008,No
BOT-00546,escalated,Yes,cant_tell,contradicted,LS-11435,0.031,Yes
BOT-00547,abandoned,No,out_of_scope,out_of_scope,,,No
BOT-00548,silence,Yes,cant_tell,not_contradicted,,,No
BOT-00549,abandoned,No,out_of_scope,out_of_scope,,,No
BOT-00550,silence,Yes,cant_tell,not_contradicted,,,Yes
BOT-00551,handoff,No,out_of_scope,out_of_scope,LS-13999,0.012,No
BOT-00552,same_theme_14,Yes,cant_tell,contradicted,LS-11736,10.215,No
BOT-00553,silence,Yes,cant_tell,not_contradicted,,,No
BOT-00554,silence,Yes,cant_tell,not_contradicted,,,No
BOT-00555,silence,Yes,cant_tell,not_contradicted,,,No
BOT-00556,escalated,Yes,cant_tell,contradicted,LS-11277,0.004,No
BOT-00557,silence,Yes,cant_tell,not_contradicted,,,No
BOT-00558,silence,Yes,cant_tell,not_contradicted,,,No
BOT-00559,same_theme_14,Yes,cant_tell,contradicted,LS-14165,8.37,No
BOT-00560,silence,Yes,cant_tell,not_contradicted,,,No
BOT-00561,same_theme_14,Yes,cant_tell,contradicted,LS-12428,12.824,No
BOT-00562,same_theme_14,Yes,cant_tell,contradicted,LS-13685,10.847,No
BOT-00563,silence,Yes,cant_tell,not_contradicted,,,No
BOT-00564,handoff,No,out_of_scope,out_of_scope,LS-14320,0.028,Yes
BOT-00565,same_theme_14,Yes,cant_tell,contradicted,LS-13912,13.208,No
BOT-00566,same_theme_7,Yes,cant_tell,contradicted,LS-13128,1.556,No
BOT-00567,escalated,Yes,cant_tell,contradicted,LS-10854,0.029,No
BOT-00568,silence,Yes,cant_tell,not_contradicted,,,No
BOT-00569,silence,Yes,cant_tell,not_contradicted,,,No
BOT-00570,handoff,No,out_of_scope,out_of_scope,LS-13832,0.024,No
BOT-00571,abandoned,No,out_of_scope,out_of_scope,,,No
BOT-00572,handoff,No,out_of_scope,out_of_scope,LS-14762,0.015,No
BOT-00573,silence,Yes,cant_tell,not_contradicted,,,No
BOT-00574,silence,Yes,cant_tell,not_contradicted,,,No
BOT-00575,silence,Yes,cant_tell,not_contradicted,,,No
BOT-00576,reopened,Yes,cant_tell,contradicted,,,No
BOT-00577,handoff,No,out_of_scope,out_of_scope,LS-11271,0.036,No
BOT-00578,silence,Yes,cant_tell,not_contradicted,,,Yes
BOT-00579,silence,Yes,cant_tell,not_contradicted,,,No
BOT-00580,unrelated,Yes,cant_tell,not_contradicted,LS-12467,5.736,No
BOT-00581,silence,Yes,cant_tell,not_contradicted,,,No
BOT-00582,silence,Yes,cant_tell,not_contradicted,,,No
BOT-00583,silence,Yes,cant_tell,not_contradicted,,,No
BOT-00584,silence,Yes,cant_tell,not_contradicted,,,No
BOT-00585,silence,Yes,cant_tell,not_contradicted,,,No
BOT-00586,silence,Yes,cant_tell,not_contradicted,,,No
BOT-00587,same_theme_7,Yes,cant_tell,contradicted,LS-11058,3.508,No
BOT-00588,handoff,No,out_of_scope,out_of_scope,LS-10780,0.035,No
BOT-00589,silence,Yes,cant_tell,not_contradicted,,,Yes
BOT-00590,handoff,No,out_of_scope,out_of_scope,LS-10324,0.028,No
BOT-00591,handoff,No,out_of_scope,out_of_scope,LS-12295,0.033,No
BOT-00592,silence,Yes,cant_tell,not_contradicted,,,No
BOT-00593,silence,Yes,cant_tell,not_contradicted,,,No
BOT-00594,silence,Yes,cant_tell,not_contradicted,,,No
BOT-00595,silence,Yes,cant_tell,not_contradicted,,,Yes
BOT-00596,silence,Yes,cant_tell,not_contradicted,,,No
BOT-00597,handoff,No,out_of_scope,out_of_scope,LS-11505,0.01,Yes
BOT-00598,silence,Yes,cant_tell,not_contradicted,,,Yes
BOT-00599,reopened,Yes,cant_tell,contradicted,,,No
BOT-00600,abandoned,No,out_of_scope,out_of_scope,,,No
BOT-00601,silence,Yes,cant_tell,not_contradicted,,,Yes
BOT-00602,escalated,Yes,cant_tell,contradicted,LS-14368,0.004,No
BOT-00603,silence,Yes,cant_tell,not_contradicted,,,Yes
BOT-00604,handoff,No,out_of_scope,out_of_scope,LS-13549,0.012,No
BOT-00605,silence,Yes,cant_tell,not_contradicted,,,No
BOT-00606,silence,Yes,cant_tell,not_contradicted,,,Yes
BOT-00607,silence,Yes,cant_tell,not_contradicted,,,No
BOT-00608,unrelated,Yes,cant_tell,not_contradicted,LS-13160,19.854,No
BOT-00609,escalated,Yes,cant_tell,contradicted,LS-12528,0.017,No
BOT-00610,unrelated,Yes,cant_tell,not_contradicted,LS-13314,17.601,No
BOT-00611,silence,Yes,cant_tell,not_contradicted,,,No
BOT-00612,same_theme_14,Yes,cant_tell,contradicted,LS-10851,7.569,No
BOT-00613,handoff,No,out_of_scope,out_of_scope,LS-14825,0.03,No
BOT-00614,silence,Yes,cant_tell,not_contradicted,,,Yes
BOT-00615,silence,Yes,cant_tell,not_contradicted,,,No
BOT-00616,same_theme_30,Yes,cant_tell,contradicted,LS-14249,21.585,No
BOT-00617,silence,Yes,cant_tell,not_contradicted,,,No
BOT-00618,silence,Yes,cant_tell,not_contradicted,,,No
BOT-00619,silence,Yes,cant_tell,not_contradicted,,,No
BOT-00620,silence,Yes,cant_tell,not_contradicted,,,No
BOT-00621,silence,Yes,cant_tell,not_contradicted,,,No
BOT-00622,escalated,Yes,cant_tell,contradicted,LS-14512,0.008,Yes
BOT-00623,silence,Yes,cant_tell,not_contradicted,,,Yes
BOT-00624,reopened,Yes,cant_tell,contradicted,,,No
BOT-00625,handoff,No,out_of_scope,out_of_scope,LS-12219,0.035,No
BOT-00626,silence,Yes,cant_tell,not_contradicted,,,No
BOT-00627,silence,Yes,cant_tell,not_contradicted,,,Yes
BOT-00628,unrelated,Yes,cant_tell,not_contradicted,LS-14321,5.292,No
BOT-00629,handoff,No,out_of_scope,out_of_scope,LS-14357,0.017,No
BOT-00630,silence,Yes,cant_tell,not_contradicted,,,No
BOT-00631,silence,Yes,cant_tell,not_contradicted,,,No
BOT-00632,silence,Yes,cant_tell,not_contradicted,,,No
BOT-00633,silence,Yes,cant_tell,not_contradicted,,,No
BOT-00634,silence,Yes,cant_tell,not_contradicted,,,No
BOT-00635,silence,Yes,cant_tell,not_contradicted,,,Yes
BOT-00636,silence,Yes,cant_tell,not_contradicted,,,No
BOT-00637,handoff,No,out_of_scope,out_of_scope,LS-13722,0.01,No
BOT-00638,handoff,No,out_of_scope,out_of_scope,LS-13858,0.032,No
BOT-00639,silence,Yes,cant_tell,not_contradicted,,,No
BOT-00640,silence,Yes,cant_tell,not_contradicted,,,No
BOT-00641,unrelated,Yes,cant_tell,not_contradicted,LS-14691,7.462,No
BOT-00642,silence,Yes,cant_tell,not_contradicted,,,Yes
BOT-00643,abandoned,No,out_of_scope,out_of_scope,,,No
BOT-00644,silence,Yes,cant_tell,not_contradicted,,,Yes
BOT-00645,silence,Yes,cant_tell,not_contradicted,,,No
BOT-00646,handoff,No,out_of_scope,out_of_scope,LS-14506,0.01,No
BOT-00647,silence,Yes,cant_tell,not_contradicted,,,No
BOT-00648,silence,Yes,cant_tell,not_contradicted,,,No
BOT-00649,silence,Yes,cant_tell,not_contradicted,,,No
BOT-00650,silence,Yes,cant_tell,not_contradicted,,,No
BOT-00651,same_theme_30,Yes,cant_tell,contradicted,LS-12797,24.76,No
BOT-00652,silence,Yes,cant_tell,not_contradicted,,,No
BOT-00653,silence,Yes,cant_tell,not_contradicted,,,No
BOT-00654,unrelated,Yes,cant_tell,not_contradicted,LS-11140,18.72,Yes
BOT-00655,silence,Yes,cant_tell,not_contradicted,,,No
BOT-00656,silence,Yes,cant_tell,not_contradicted,,,No
BOT-00657,escalated,Yes,cant_tell,contradicted,LS-14444,0.013,No
BOT-00658,silence,Yes,cant_tell,not_contradicted,,,No
BOT-00659,escalated,Yes,cant_tell,contradicted,LS-13842,0.01,No
BOT-00660,silence,Yes,cant_tell,not_contradicted,,,Yes
BOT-00661,silence,Yes,cant_tell,not_contradicted,,,Yes
BOT-00662,silence,Yes,cant_tell,not_contradicted,,,No
BOT-00663,escalated,Yes,cant_tell,contradicted,LS-14110,0.034,No
BOT-00664,silence,Yes,cant_tell,not_contradicted,,,No
BOT-00665,silence,Yes,cant_tell,not_contradicted,,,No
BOT-00666,silence,Yes,cant_tell,not_contradicted,,,No
BOT-00667,silence,Yes,cant_tell,not_contradicted,,,No
BOT-00668,handoff,No,out_of_scope,out_of_scope,LS-14570,0.027,No
BOT-00669,silence,Yes,cant_tell,not_contradicted,,,No
BOT-00670,silence,Yes,cant_tell,not_contradicted,,,No
BOT-00671,handoff,No,out_of_scope,out_of_scope,LS-11074,0.013,No
BOT-00672,silence,Yes,cant_tell,not_contradicted,,,No
BOT-00673,silence,Yes,cant_tell,not_contradicted,,,No
BOT-00674,same_theme_30,Yes,cant_tell,contradicted,LS-10446,25.652,No
BOT-00675,same_theme_7,Yes,cant_tell,contradicted,LS-12772,3.062,No
BOT-00676,silence,Yes,cant_tell,not_contradicted,,,No
BOT-00677,unrelated,Yes,cant_tell,not_contradicted,LS-13098,14.583,No
BOT-00678,same_theme_7,Yes,cant_tell,contradicted,LS-11299,2.243,Yes
BOT-00679,unrelated,Yes,cant_tell,not_contradicted,LS-11643,10.871,No
BOT-00680,handoff,No,out_of_scope,out_of_scope,LS-12926,0.015,No
BOT-00681,same_theme_14,Yes,cant_tell,contradicted,LS-14530,11.694,No
BOT-00682,escalated,Yes,cant_tell,contradicted,LS-10813,0.022,Yes
BOT-00683,reopened,Yes,cant_tell,contradicted,,,Yes
BOT-00684,silence,Yes,cant_tell,not_contradicted,,,No
BOT-00685,silence,Yes,cant_tell,not_contradicted,,,No
BOT-00686,silence,Yes,cant_tell,not_contradicted,,,No
BOT-00687,handoff,No,out_of_scope,out_of_scope,LS-15021,0.025,Yes
BOT-00688,same_theme_30,Yes,cant_tell,contradicted,LS-14283,17.426,Yes
BOT-00689,silence,Yes,cant_tell,not_contradicted,,,No
BOT-00690,silence,Yes,cant_tell,not_contradicted,,,No
BOT-00691,unrelated,Yes,cant_tell,not_contradicted,LS-13629,24.98,No
BOT-00692,silence,Yes,cant_tell,not_contradicted,,,No
BOT-00693,unrelated,Yes,cant_tell,not_contradicted,LS-13176,2.818,No
BOT-00694,escalated,Yes,cant_tell,contradicted,LS-10222,0.019,No
BOT-00695,same_theme_7,Yes,cant_tell,contradicted,LS-15072,4.952,No
BOT-00696,silence,Yes,cant_tell,not_contradicted,,,Yes
BOT-00697,reopened,Yes,cant_tell,contradicted,,,No
BOT-00698,silence,Yes,cant_tell,not_contradicted,,,No
BOT-00699,same_theme_30,Yes,cant_tell,contradicted,LS-12461,23.621,No
BOT-00700,silence,Yes,cant_tell,not_contradicted,,,No
BOT-00701,silence,Yes,cant_tell,not_contradicted,,,No
BOT-00702,same_theme_30,Yes,cant_tell,contradicted,LS-13363,26.635,Yes
BOT-00703,silence,Yes,cant_tell,not_contradicted,,,No
BOT-00704,abandoned,No,out_of_scope,out_of_scope,,,Yes
BOT-00705,same_theme_7,Yes,cant_tell,contradicted,LS-11739,3.304,No
BOT-00706,handoff,No,out_of_scope,out_of_scope,LS-11195,0.028,No
BOT-00707,silence,Yes,cant_tell,not_contradicted,,,No
BOT-00708,same_theme_14,Yes,cant_tell,contradicted,LS-10500,10.219,No
BOT-00709,same_theme_14,Yes,cant_tell,contradicted,LS-14247,9.04,No
BOT-00710,silence,Yes,cant_tell,not_contradicted,,,No
BOT-00711,silence,Yes,cant_tell,not_contradicted,,,No
BOT-00712,same_theme_7,Yes,cant_tell,contradicted,LS-14631,5.755,No
BOT-00713,silence,Yes,cant_tell,not_contradicted,,,No
BOT-00714,same_theme_30,Yes,cant_tell,contradicted,LS-12744,19.529,Yes
BOT-00715,handoff,No,out_of_scope,out_of_scope,LS-13498,0.011,No
BOT-00716,silence,Yes,cant_tell,not_contradicted,,,No
BOT-00717,same_theme_7,Yes,cant_tell,contradicted,LS-14806,0.901,No
BOT-00718,silence,Yes,cant_tell,not_contradicted,,,No
BOT-00719,same_theme_14,Yes,cant_tell,contradicted,LS-11101,8.982,No
BOT-00720,silence,Yes,cant_tell,not_contradicted,,,Yes
BOT-00721,unrelated,Yes,cant_tell,not_contradicted,LS-10592,0.377,No
BOT-00722,silence,Yes,cant_tell,not_contradicted,,,No
BOT-00723,handoff,No,out_of_scope,out_of_scope,LS-11560,0.016,No
BOT-00724,same_theme_7,Yes,cant_tell,contradicted,LS-11355,1.878,No
BOT-00725,silence,Yes,cant_tell,not_contradicted,,,No
BOT-00726,escalated,Yes,cant_tell,contradicted,LS-11054,0.027,No
BOT-00727,silence,Yes,cant_tell,not_contradicted,,,No
BOT-00728,silence,Yes,cant_tell,not_contradicted,,,No
BOT-00729,handoff,No,out_of_scope,out_of_scope,LS-11180,0.033,No
BOT-00730,silence,Yes,cant_tell,not_contradicted,,,No
BOT-00731,reopened,Yes,cant_tell,contradicted,,,No
BOT-00732,silence,Yes,cant_tell,not_contradicted,,,No
BOT-00733,abandoned,No,out_of_scope,out_of_scope,,,No
BOT-00734,silence,Yes,cant_tell,not_contradicted,,,No
BOT-00735,silence,Yes,cant_tell,not_contradicted,,,No
BOT-00736,silence,Yes,cant_tell,not_contradicted,,,No
BOT-00737,handoff,No,out_of_scope,out_of_scope,LS-10764,0.005,Yes
BOT-00738,silence,Yes,cant_tell,not_contradicted,,,No
BOT-00739,silence,Yes,cant_tell,not_contradicted,,,No
BOT-00740,unrelated,Yes,cant_tell,not_contradicted,LS-10887,6.978,No
BOT-00741,abandoned,No,out_of_scope,out_of_scope,,,No
BOT-00742,handoff,No,out_of_scope,out_of_scope,LS-10664,0.012,No
BOT-00743,unrelated,Yes,cant_tell,not_contradicted,LS-13643,9.185,No
BOT-00744,reopened,Yes,cant_tell,contradicted,,,No
BOT-00745,silence,Yes,cant_tell,not_contradicted,,,No
BOT-00746,same_theme_14,Yes,cant_tell,contradicted,LS-12895,13.294,No
BOT-00747,escalated,Yes,cant_tell,contradicted,LS-12233,0.009,Yes
BOT-00748,silence,Yes,cant_tell,not_contradicted,,,No
BOT-00749,silence,Yes,cant_tell,not_contradicted,,,Yes
BOT-00750,silence,Yes,cant_tell,not_contradicted,,,No
BOT-00751,reopened,Yes,cant_tell,contradicted,,,No
BOT-00752,escalated,Yes,cant_tell,contradicted,LS-10396,0.008,No
BOT-00753,abandoned,No,out_of_scope,out_of_scope,,,No
BOT-00754,silence,Yes,cant_tell,not_contradicted,,,No
BOT-00755,handoff,No,out_of_scope,out_of_scope,LS-12455,0.028,No
BOT-00756,silence,Yes,cant_tell,not_contradicted,,,Yes
BOT-00757,escalated,Yes,cant_tell,contradicted,LS-10724,0.034,No
BOT-00758,same_theme_14,Yes,cant_tell,contradicted,LS-13666,12.119,No
BOT-00759,silence,Yes,cant_tell,not_contradicted,,,No
BOT-00760,silence,Yes,cant_tell,not_contradicted,,,No
BOT-00761,silence,Yes,cant_tell,not_contradicted,,,No
BOT-00762,handoff,No,out_of_scope,out_of_scope,LS-10855,0.022,No
BOT-00763,silence,Yes,cant_tell,not_contradicted,,,No
BOT-00764,silence,Yes,cant_tell,not_contradicted,,,No
BOT-00765,silence,Yes,cant_tell,not_contradicted,,,No
BOT-00766,unrelated,Yes,cant_tell,not_contradicted,LS-10273,2.313,No
BOT-00767,escalated,Yes,cant_tell,contradicted,LS-13574,0.027,No
BOT-00768,same_theme_30,Yes,cant_tell,contradicted,LS-10643,28.111,No
BOT-00769,same_theme_14,Yes,cant_tell,contradicted,LS-12096,13.287,No
BOT-00770,silence,Yes,cant_tell,not_contradicted,,,No
BOT-00771,handoff,No,out_of_scope,out_of_scope,LS-14126,0.036,No
BOT-00772,silence,Yes,cant_tell,not_contradicted,,,No
BOT-00773,reopened,Yes,cant_tell,contradicted,,,No
BOT-00774,handoff,No,out_of_scope,out_of_scope,LS-13529,0.02,No
BOT-00775,silence,Yes,cant_tell,not_contradicted,,,No
BOT-00776,silence,Yes,cant_tell,not_contradicted,,,No
BOT-00777,unrelated,Yes,cant_tell,not_contradicted,LS-12165,25.073,No
BOT-00778,escalated,Yes,cant_tell,contradicted,LS-10599,0.008,No
BOT-00779,escalated,Yes,cant_tell,contradicted,LS-14408,0.008,No
BOT-00780,silence,Yes,cant_tell,not_contradicted,,,No
BOT-00781,silence,Yes,cant_tell,not_contradicted,,,No
BOT-00782,silence,Yes,cant_tell,not_contradicted,,,Yes
BOT-00783,reopened,Yes,cant_tell,contradicted,,,No
BOT-00784,abandoned,No,out_of_scope,out_of_scope,,,Yes
BOT-00785,unrelated,Yes,cant_tell,not_contradicted,LS-10414,5.398,Yes
BOT-00786,silence,Yes,cant_tell,not_contradicted,,,No
BOT-00787,silence,Yes,cant_tell,not_contradicted,,,No
BOT-00788,handoff,No,out_of_scope,out_of_scope,LS-12848,0.019,Yes
BOT-00789,silence,Yes,cant_tell,not_contradicted,,,No
BOT-00790,silence,Yes,cant_tell,not_contradicted,,,No
BOT-00791,silence,Yes,cant_tell,not_contradicted,,,No
BOT-00792,same_theme_7,Yes,cant_tell,contradicted,LS-12061,0.86,No
BOT-00793,silence,Yes,cant_tell,not_contradicted,,,No
BOT-00794,silence,Yes,cant_tell,not_contradicted,,,No
BOT-00795,abandoned,No,out_of_scope,out_of_scope,,,No
BOT-00796,escalated,Yes,cant_tell,contradicted,LS-10579,0.035,No
BOT-00797,handoff,No,out_of_scope,out_of_scope,LS-13320,0.022,No
BOT-00798,same_theme_30,Yes,cant_tell,contradicted,LS-14602,14.928,No
BOT-00799,silence,Yes,cant_tell,not_contradicted,,,No
BOT-00800,silence,Yes,cant_tell,not_contradicted,,,No
BOT-00801,silence,Yes,cant_tell,not_contradicted,,,No
BOT-00802,silence,Yes,cant_tell,not_contradicted,,,No
BOT-00803,same_theme_14,Yes,cant_tell,contradicted,LS-10150,8.683,No
BOT-00804,same_theme_7,Yes,cant_tell,contradicted,LS-10015,2.256,No
BOT-00805,silence,Yes,cant_tell,not_contradicted,,,No
BOT-00806,reopened,Yes,cant_tell,contradicted,,,Yes
BOT-00807,silence,Yes,cant_tell,not_contradicted,,,No
BOT-00808,silence,Yes,cant_tell,not_contradicted,,,No
BOT-00809,silence,Yes,cant_tell,not_contradicted,,,No
BOT-00810,silence,Yes,cant_tell,not_contradicted,,,No
BOT-00811,escalated,Yes,cant_tell,contradicted,LS-11865,0.022,No
BOT-00812,silence,Yes,cant_tell,not_contradicted,,,No
BOT-00813,silence,Yes,cant_tell,not_contradicted,,,No
BOT-00814,escalated,Yes,cant_tell,contradicted,LS-14494,0.031,No
BOT-00815,silence,Yes,cant_tell,not_contradicted,,,No
BOT-00816,reopened,Yes,cant_tell,contradicted,,,No
BOT-00817,silence,Yes,cant_tell,not_contradicted,,,No
BOT-00818,same_theme_30,Yes,cant_tell,contradicted,LS-10169,24.165,No
BOT-00819,silence,Yes,cant_tell,not_contradicted,,,No
BOT-00820,unrelated,Yes,cant_tell,not_contradicted,LS-12609,23.079,Yes
BOT-00821,silence,Yes,cant_tell,not_contradicted,,,No
BOT-00822,silence,Yes,cant_tell,not_contradicted,,,Yes
BOT-00823,silence,Yes,cant_tell,not_contradicted,,,No
BOT-00824,silence,Yes,cant_tell,not_contradicted,,,No
BOT-00825,silence,Yes,cant_tell,not_contradicted,,,Yes
BOT-00826,silence,Yes,cant_tell,not_contradicted,,,No
BOT-00827,abandoned,No,out_of_scope,out_of_scope,,,No
BOT-00828,silence,Yes,cant_tell,not_contradicted,,,No
BOT-00829,same_theme_14,Yes,cant_tell,contradicted,LS-14191,11.716,No
BOT-00830,escalated,Yes,cant_tell,contradicted,LS-11553,0.028,No
BOT-00831,silence,Yes,cant_tell,not_contradicted,,,No
BOT-00832,silence,Yes,cant_tell,not_contradicted,,,No
BOT-00833,unrelated,Yes,cant_tell,not_contradicted,LS-12174,4.008,No
BOT-00834,silence,Yes,cant_tell,not_contradicted,,,No
BOT-00835,silence,Yes,cant_tell,not_contradicted,,,No
BOT-00836,same_theme_7,Yes,cant_tell,contradicted,LS-13109,5.793,No
BOT-00837,silence,Yes,cant_tell,not_contradicted,,,No
BOT-00838,silence,Yes,cant_tell,not_contradicted,,,No
BOT-00839,silence,Yes,cant_tell,not_contradicted,,,No
BOT-00840,silence,Yes,cant_tell,not_contradicted,,,No
BOT-00841,handoff,No,out_of_scope,out_of_scope,LS-10439,0.034,No
BOT-00842,unrelated,Yes,cant_tell,not_contradicted,LS-13845,9.228,No
BOT-00843,silence,Yes,cant_tell,not_contradicted,,,No
BOT-00844,handoff,No,out_of_scope,out_of_scope,LS-10126,0.037,No
BOT-00845,silence,Yes,cant_tell,not_contradicted,,,No
BOT-00846,silence,Yes,cant_tell,not_contradicted,,,No
BOT-00847,same_theme_14,Yes,cant_tell,contradicted,LS-13591,10.294,No
BOT-00848,silence,Yes,cant_tell,not_contradicted,,,No
BOT-00849,silence,Yes,cant_tell,not_contradicted,,,No
BOT-00850,silence,Yes,cant_tell,not_contradicted,,,Yes
BOT-00851,silence,Yes,cant_tell,not_contradicted,,,No
BOT-00852,silence,Yes,cant_tell,not_contradicted,,,No
BOT-00853,silence,Yes,cant_tell,not_contradicted,,,No
BOT-00854,silence,Yes,cant_tell,not_contradicted,,,No
BOT-00855,silence,Yes,cant_tell,not_contradicted,,,Yes
BOT-00856,silence,Yes,cant_tell,not_contradicted,,,No
BOT-00857,silence,Yes,cant_tell,not_contradicted,,,No
BOT-00858,silence,Yes,cant_tell,not_contradicted,,,No
BOT-00859,abandoned,No,out_of_scope,out_of_scope,,,No
BOT-00860,silence,Yes,cant_tell,not_contradicted,,,No
BOT-00861,reopened,Yes,cant_tell,contradicted,,,No
BOT-00862,handoff,No,out_of_scope,out_of_scope,LS-10290,0.036,No
BOT-00863,same_theme_14,Yes,cant_tell,contradicted,LS-11406,10.392,No
BOT-00864,silence,Yes,cant_tell,not_contradicted,,,No
BOT-00865,silence,Yes,cant_tell,not_contradicted,,,No
BOT-00866,silence,Yes,cant_tell,not_contradicted,,,No
BOT-00867,handoff,No,out_of_scope,out_of_scope,LS-13230,0.012,No
BOT-00868,same_theme_30,Yes,cant_tell,contradicted,LS-11641,21.092,No
BOT-00869,same_theme_7,Yes,cant_tell,contradicted,LS-12218,1.303,No
BOT-00870,abandoned,No,out_of_scope,out_of_scope,,,No
BOT-00871,abandoned,No,out_of_scope,out_of_scope,,,No
BOT-00872,reopened,Yes,cant_tell,contradicted,,,No
BOT-00873,silence,Yes,cant_tell,not_contradicted,,,No
BOT-00874,same_theme_14,Yes,cant_tell,contradicted,LS-13224,8.188,No
BOT-00875,handoff,No,out_of_scope,out_of_scope,LS-14221,0.035,No
BOT-00876,reopened,Yes,cant_tell,contradicted,,,No
BOT-00877,silence,Yes,cant_tell,not_contradicted,,,No
BOT-00878,handoff,No,out_of_scope,out_of_scope,LS-12683,0.021,Yes
BOT-00879,unrelated,Yes,cant_tell,not_contradicted,LS-12206,13.899,No
BOT-00880,silence,Yes,cant_tell,not_contradicted,,,No
BOT-00881,handoff,No,out_of_scope,out_of_scope,LS-10615,0.013,Yes
BOT-00882,unrelated,Yes,cant_tell,not_contradicted,LS-12094,27.608,No
BOT-00883,escalated,Yes,cant_tell,contradicted,LS-13455,0.028,No
BOT-00884,silence,Yes,cant_tell,not_contradicted,,,No
BOT-00885,same_theme_14,Yes,cant_tell,contradicted,LS-13335,8.471,No
BOT-00886,abandoned,No,out_of_scope,out_of_scope,,,No
BOT-00887,same_theme_7,Yes,cant_tell,contradicted,LS-12980,4.245,No
BOT-00888,same_theme_30,Yes,cant_tell,contradicted,LS-10250,25.415,No
BOT-00889,handoff,No,out_of_scope,out_of_scope,LS-14876,0.028,No
BOT-00890,unrelated,Yes,cant_tell,not_contradicted,LS-11152,20.598,No
BOT-00891,silence,Yes,cant_tell,not_contradicted,,,No
BOT-00892,handoff,No,out_of_scope,out_of_scope,LS-10195,0.021,No
BOT-00893,escalated,Yes,cant_tell,contradicted,LS-14493,0.015,No
BOT-00894,abandoned,No,out_of_scope,out_of_scope,,,No
BOT-00895,silence,Yes,cant_tell,not_contradicted,,,No
BOT-00896,reopened,Yes,cant_tell,contradicted,,,No
BOT-00897,silence,Yes,cant_tell,not_contradicted,,,No
BOT-00898,silence,Yes,cant_tell,not_contradicted,,,No
BOT-00899,unrelated,Yes,cant_tell,not_contradicted,LS-12201,5.536,No
BOT-00900,silence,Yes,cant_tell,not_contradicted,,,No
BOT-00901,silence,Yes,cant_tell,not_contradicted,,,No
BOT-00902,silence,Yes,cant_tell,not_contradicted,,,No
BOT-00903,silence,Yes,cant_tell,not_contradicted,,,No
BOT-00904,handoff,No,out_of_scope,out_of_scope,LS-13902,0.004,No
BOT-00905,silence,Yes,cant_tell,not_contradicted,,,No
BOT-00906,silence,Yes,cant_tell,not_contradicted,,,No
BOT-00907,silence,Yes,cant_tell,not_contradicted,,,No
BOT-00908,same_theme_7,Yes,cant_tell,contradicted,LS-10434,0.935,No
BOT-00909,silence,Yes,cant_tell,not_contradicted,,,No
BOT-00910,silence,Yes,cant_tell,not_contradicted,,,No
BOT-00911,silence,Yes,cant_tell,not_contradicted,,,No
BOT-00912,silence,Yes,cant_tell,not_contradicted,,,Yes
BOT-00913,handoff,No,out_of_scope,out_of_scope,LS-12079,0.024,No
BOT-00914,abandoned,No,out_of_scope,out_of_scope,,,No
BOT-00915,silence,Yes,cant_tell,not_contradicted,,,No
BOT-00916,silence,Yes,cant_tell,not_contradicted,,,No
BOT-00917,handoff,No,out_of_scope,out_of_scope,LS-10797,0.031,No
BOT-00918,same_theme_7,Yes,cant_tell,contradicted,LS-14004,4.944,No
BOT-00919,silence,Yes,cant_tell,not_contradicted,,,No
BOT-00920,silence,Yes,cant_tell,not_contradicted,,,No
BOT-00921,handoff,No,out_of_scope,out_of_scope,LS-10996,0.021,No
BOT-00922,same_theme_7,Yes,cant_tell,contradicted,LS-10473,3.398,No
BOT-00923,same_theme_30,Yes,cant_tell,contradicted,LS-14837,16.743,No
BOT-00924,abandoned,No,out_of_scope,out_of_scope,,,No
BOT-00925,same_theme_7,Yes,cant_tell,contradicted,LS-14337,6.199,No
BOT-00926,unrelated,Yes,cant_tell,not_contradicted,LS-11307,27.944,No
BOT-00927,silence,Yes,cant_tell,not_contradicted,,,No
BOT-00928,handoff,No,out_of_scope,out_of_scope,LS-13741,0.005,Yes
BOT-00929,silence,Yes,cant_tell,not_contradicted,,,No
BOT-00930,handoff,No,out_of_scope,out_of_scope,LS-14533,0.025,No
BOT-00931,same_theme_7,Yes,cant_tell,contradicted,LS-13731,3.365,No
BOT-00932,abandoned,No,out_of_scope,out_of_scope,,,No
BOT-00933,silence,Yes,cant_tell,not_contradicted,,,No
BOT-00934,silence,Yes,cant_tell,not_contradicted,,,Yes
BOT-00935,silence,Yes,cant_tell,not_contradicted,,,No
BOT-00936,silence,Yes,cant_tell,not_contradicted,,,No
BOT-00937,silence,Yes,cant_tell,not_contradicted,,,Yes
BOT-00938,reopened,Yes,cant_tell,contradicted,,,No
BOT-00939,unrelated,Yes,cant_tell,not_contradicted,LS-14816,15.882,No
BOT-00940,same_theme_30,Yes,cant_tell,contradicted,LS-15030,16.648,No
BOT-00941,reopened,Yes,cant_tell,contradicted,,,No
BOT-00942,unrelated,Yes,cant_tell,not_contradicted,LS-12497,23.956,No
BOT-00943,handoff,No,out_of_scope,out_of_scope,LS-10245,0.036,No
BOT-00944,handoff,No,out_of_scope,out_of_scope,LS-14215,0.035,Yes
BOT-00945,silence,Yes,cant_tell,not_contradicted,,,No
BOT-00946,unrelated,Yes,cant_tell,not_contradicted,LS-13126,13.374,No
BOT-00947,unrelated,Yes,cant_tell,not_contradicted,LS-12164,5.565,No
BOT-00948,silence,Yes,cant_tell,not_contradicted,,,No
BOT-00949,silence,Yes,cant_tell,not_contradicted,,,No
BOT-00950,abandoned,No,out_of_scope,out_of_scope,,,No
BOT-00951,silence,Yes,cant_tell,not_contradicted,,,No
BOT-00952,same_theme_14,Yes,cant_tell,contradicted,LS-10449,8.369,No
BOT-00953,silence,Yes,cant_tell,not_contradicted,,,Yes
BOT-00954,silence,Yes,cant_tell,not_contradicted,,,Yes
BOT-00955,same_theme_7,Yes,cant_tell,contradicted,LS-13994,3.458,No
BOT-00956,silence,Yes,cant_tell,not_contradicted,,,No
BOT-00957,same_theme_7,Yes,cant_tell,contradicted,LS-14144,3.34,No
BOT-00958,same_theme_7,Yes,cant_tell,contradicted,LS-14482,5.775,No
BOT-00959,silence,Yes,cant_tell,not_contradicted,,,No
BOT-00960,handoff,No,out_of_scope,out_of_scope,LS-13703,0.019,No
BOT-00961,silence,Yes,cant_tell,not_contradicted,,,No
BOT-00962,silence,Yes,cant_tell,not_contradicted,,,No
BOT-00963,silence,Yes,cant_tell,not_contradicted,,,No
BOT-00964,silence,Yes,cant_tell,not_contradicted,,,Yes
BOT-00965,handoff,No,out_of_scope,out_of_scope,LS-10296,0.01,No
BOT-00966,silence,Yes,cant_tell,not_contradicted,,,No
BOT-00967,handoff,No,out_of_scope,out_of_scope,LS-10795,0.038,No
BOT-00968,silence,Yes,cant_tell,not_contradicted,,,No
BOT-00969,silence,Yes,cant_tell,not_contradicted,,,No
BOT-00970,escalated,Yes,cant_tell,contradicted,LS-10162,0.03,No
BOT-00971,silence,Yes,cant_tell,not_contradicted,,,Yes
BOT-00972,silence,Yes,cant_tell,not_contradicted,,,No
BOT-00973,silence,Yes,cant_tell,not_contradicted,,,No
BOT-00974,unrelated,Yes,cant_tell,not_contradicted,LS-11466,23.929,No
BOT-00975,handoff,No,out_of_scope,out_of_scope,LS-12039,0.01,No
BOT-00976,silence,Yes,cant_tell,not_contradicted,,,No
BOT-00977,handoff,No,out_of_scope,out_of_scope,LS-13113,0.02,No
BOT-00978,unrelated,Yes,cant_tell,not_contradicted,LS-12872,26.683,No
BOT-00979,silence,Yes,cant_tell,not_contradicted,,,Yes
BOT-00980,silence,Yes,cant_tell,not_contradicted,,,Yes
BOT-00981,silence,Yes,cant_tell,not_contradicted,,,No
BOT-00982,silence,Yes,cant_tell,not_contradicted,,,No
BOT-00983,reopened,Yes,cant_tell,contradicted,,,Yes
BOT-00984,silence,Yes,cant_tell,not_contradicted,,,Yes
BOT-00985,same_theme_30,Yes,cant_tell,contradicted,LS-13543,27.32,No
BOT-00986,handoff,No,out_of_scope,out_of_scope,LS-11568,0.013,No
BOT-00987,silence,Yes,cant_tell,not_contradicted,,,No
BOT-00988,reopened,Yes,cant_tell,contradicted,,,No
BOT-00989,handoff,No,out_of_scope,out_of_scope,LS-12374,0.035,No
BOT-00990,same_theme_14,Yes,cant_tell,contradicted,LS-10521,10.525,No
BOT-00991,same_theme_30,Yes,cant_tell,contradicted,LS-10853,27.881,No
BOT-00992,escalated,Yes,cant_tell,contradicted,LS-12470,0.015,No
BOT-00993,silence,Yes,cant_tell,not_contradicted,,,No
BOT-00994,unrelated,Yes,cant_tell,not_contradicted,LS-13038,1.126,No
BOT-00995,escalated,Yes,cant_tell,contradicted,LS-13147,0.016,Yes
BOT-00996,same_theme_7,Yes,cant_tell,contradicted,LS-13914,6.058,No
BOT-00997,silence,Yes,cant_tell,not_contradicted,,,No
BOT-00998,silence,Yes,cant_tell,not_contradicted,,,No
BOT-00999,same_theme_14,Yes,cant_tell,contradicted,LS-12780,8.992,Yes
BOT-01000,silence,Yes,cant_tell,not_contradicted,,,No
BOT-01001,silence,Yes,cant_tell,not_contradicted,,,No
BOT-01002,abandoned,No,out_of_scope,out_of_scope,,,No
BOT-01003,silence,Yes,cant_tell,not_contradicted,,,No
BOT-01004,silence,Yes,cant_tell,not_contradicted,,,No
BOT-01005,silence,Yes,cant_tell,not_contradicted,,,No
BOT-01006,silence,Yes,cant_tell,not_contradicted,,,No
BOT-01007,unrelated,Yes,cant_tell,not_contradicted,LS-11569,4.89,No
BOT-01008,same_theme_7,Yes,cant_tell,contradicted,LS-10704,1.917,No
BOT-01009,escalated,Yes,cant_tell,contradicted,LS-14457,0.017,No
BOT-01010,silence,Yes,cant_tell,not_contradicted,,,No
BOT-01011,escalated,Yes,cant_tell,contradicted,LS-10461,0.017,Yes
BOT-01012,silence,Yes,cant_tell,not_contradicted,,,No
BOT-01013,handoff,No,out_of_scope,out_of_scope,LS-13057,0.037,No
BOT-01014,silence,Yes,cant_tell,not_contradicted,,,Yes
BOT-01015,silence,Yes,cant_tell,not_contradicted,,,Yes
BOT-01016,escalated,Yes,cant_tell,contradicted,LS-14699,0.038,No
BOT-01017,escalated,Yes,cant_tell,contradicted,LS-13322,0.014,No
BOT-01018,same_theme_14,Yes,cant_tell,contradicted,LS-13509,12.906,No
BOT-01019,unrelated,Yes,cant_tell,not_contradicted,LS-12889,26.519,No
BOT-01020,silence,Yes,cant_tell,not_contradicted,,,No
BOT-01021,silence,Yes,cant_tell,not_contradicted,,,No
BOT-01022,silence,Yes,cant_tell,not_contradicted,,,No
BOT-01023,reopened,Yes,cant_tell,contradicted,,,No
BOT-01024,unrelated,Yes,cant_tell,not_contradicted,LS-13566,9.426,Yes
BOT-01025,handoff,No,out_of_scope,out_of_scope,LS-14013,0.027,No
BOT-01026,handoff,No,out_of_scope,out_of_scope,LS-12091,0.035,No
BOT-01027,handoff,No,out_of_scope,out_of_scope,LS-13677,0.018,No
BOT-01028,silence,Yes,cant_tell,not_contradicted,,,No
BOT-01029,reopened,Yes,cant_tell,contradicted,,,No
BOT-01030,silence,Yes,cant_tell,not_contradicted,,,No
BOT-01031,handoff,No,out_of_scope,out_of_scope,LS-10425,0.013,No
BOT-01032,silence,Yes,cant_tell,not_contradicted,,,No
BOT-01033,handoff,No,out_of_scope,out_of_scope,LS-13829,0.025,No
BOT-01034,silence,Yes,cant_tell,not_contradicted,,,No
BOT-01035,abandoned,No,out_of_scope,out_of_scope,,,No
BOT-01036,silence,Yes,cant_tell,not_contradicted,,,No
BOT-01037,silence,Yes,cant_tell,not_contradicted,,,No
BOT-01038,silence,Yes,cant_tell,not_contradicted,,,No
BOT-01039,silence,Yes,cant_tell,not_contradicted,,,No
BOT-01040,silence,Yes,cant_tell,not_contradicted,,,No
BOT-01041,reopened,Yes,cant_tell,contradicted,,,Yes
BOT-01042,silence,Yes,cant_tell,not_contradicted,,,No
BOT-01043,unrelated,Yes,cant_tell,not_contradicted,LS-12065,3.656,No
BOT-01044,silence,Yes,cant_tell,not_contradicted,,,No
BOT-01045,silence,Yes,cant_tell,not_contradicted,,,No
BOT-01046,silence,Yes,cant_tell,not_contradicted,,,No
BOT-01047,escalated,Yes,cant_tell,contradicted,LS-13411,0.034,No
BOT-01048,silence,Yes,cant_tell,not_contradicted,,,No
BOT-01049,silence,Yes,cant_tell,not_contradicted,,,No
BOT-01050,same_theme_7,Yes,cant_tell,contradicted,LS-14646,2.26,Yes
BOT-01051,same_theme_14,Yes,cant_tell,contradicted,LS-12952,11.602,No
BOT-01052,silence,Yes,cant_tell,not_contradicted,,,No
BOT-01053,same_theme_7,Yes,cant_tell,contradicted,LS-10956,5.228,No
BOT-01054,silence,Yes,cant_tell,not_contradicted,,,Yes
BOT-01055,unrelated,Yes,cant_tell,not_contradicted,LS-14931,2.481,Yes
BOT-01056,silence,Yes,cant_tell,not_contradicted,,,No
BOT-01057,silence,Yes,cant_tell,not_contradicted,,,No
BOT-01058,unrelated,Yes,cant_tell,not_contradicted,LS-12275,10.833,No
BOT-01059,silence,Yes,cant_tell,not_contradicted,,,Yes
BOT-01060,silence,Yes,cant_tell,not_contradicted,,,Yes
BOT-01061,reopened,Yes,cant_tell,contradicted,,,No
BOT-01062,handoff,No,out_of_scope,out_of_scope,LS-12202,0.017,No
BOT-01063,same_theme_7,Yes,cant_tell,contradicted,LS-13460,2.053,No
BOT-01064,escalated,Yes,cant_tell,contradicted,LS-10390,0.018,No
BOT-01065,handoff,No,out_of_scope,out_of_scope,LS-13575,0.024,No
BOT-01066,same_theme_30,Yes,cant_tell,contradicted,LS-13005,24.585,No
BOT-01067,silence,Yes,cant_tell,not_contradicted,,,No
BOT-01068,silence,Yes,cant_tell,not_contradicted,,,No
BOT-01069,silence,Yes,cant_tell,not_contradicted,,,Yes
BOT-01070,reopened,Yes,cant_tell,contradicted,,,Yes
BOT-01071,silence,Yes,cant_tell,not_contradicted,,,No
BOT-01072,abandoned,No,out_of_scope,out_of_scope,,,No
BOT-01073,silence,Yes,cant_tell,not_contradicted,,,Yes
BOT-01074,escalated,Yes,cant_tell,contradicted,LS-14717,0.019,No
BOT-01075,reopened,Yes,cant_tell,contradicted,,,No
BOT-01076,silence,Yes,cant_tell,not_contradicted,,,No
BOT-01077,silence,Yes,cant_tell,not_contradicted,,,No
BOT-01078,silence,Yes,cant_tell,not_contradicted,,,Yes
BOT-01079,silence,Yes,cant_tell,not_contradicted,,,No
BOT-01080,silence,Yes,cant_tell,not_contradicted,,,No
BOT-01081,same_theme_30,Yes,cant_tell,contradicted,LS-10090,28.569,No
BOT-01082,silence,Yes,cant_tell,not_contradicted,,,No
BOT-01083,unrelated,Yes,cant_tell,not_contradicted,LS-13062,13.895,No
BOT-01084,silence,Yes,cant_tell,not_contradicted,,,No
BOT-01085,silence,Yes,cant_tell,not_contradicted,,,Yes
BOT-01086,silence,Yes,cant_tell,not_contradicted,,,No
BOT-01087,silence,Yes,cant_tell,not_contradicted,,,No
BOT-01088,silence,Yes,cant_tell,not_contradicted,,,Yes
BOT-01089,silence,Yes,cant_tell,not_contradicted,,,No
BOT-01090,silence,Yes,cant_tell,not_contradicted,,,No
BOT-01091,handoff,No,out_of_scope,out_of_scope,LS-11708,0.031,No
BOT-01092,unrelated,Yes,cant_tell,not_contradicted,LS-12383,20.238,No
BOT-01093,silence,Yes,cant_tell,not_contradicted,,,No
BOT-01094,silence,Yes,cant_tell,not_contradicted,,,No
BOT-01095,silence,Yes,cant_tell,not_contradicted,,,Yes
BOT-01096,silence,Yes,cant_tell,not_contradicted,,,No
BOT-01097,silence,Yes,cant_tell,not_contradicted,,,No
BOT-01098,silence,Yes,cant_tell,not_contradicted,,,No
BOT-01099,handoff,No,out_of_scope,out_of_scope,LS-12493,0.02,No
BOT-01100,silence,Yes,cant_tell,not_contradicted,,,No
BOT-01101,unrelated,Yes,cant_tell,not_contradicted,LS-12151,11.164,No
BOT-01102,silence,Yes,cant_tell,not_contradicted,,,No
BOT-01103,silence,Yes,cant_tell,not_contradicted,,,No
BOT-01104,unrelated,Yes,cant_tell,not_contradicted,LS-13723,18.351,No
BOT-01105,silence,Yes,cant_tell,not_contradicted,,,No
BOT-01106,abandoned,No,out_of_scope,out_of_scope,,,No
BOT-01107,handoff,No,out_of_scope,out_of_scope,LS-11124,0.013,No
BOT-01108,silence,Yes,cant_tell,not_contradicted,,,No
BOT-01109,escalated,Yes,cant_tell,contradicted,LS-12897,0.029,No
BOT-01110,handoff,No,out_of_scope,out_of_scope,LS-10535,0.019,No
BOT-01111,same_theme_7,Yes,cant_tell,contradicted,LS-13376,1.176,No
BOT-01112,silence,Yes,cant_tell,not_contradicted,,,No
BOT-01113,same_theme_14,Yes,cant_tell,contradicted,LS-14044,13.036,No
BOT-01114,silence,Yes,cant_tell,not_contradicted,,,No
BOT-01115,handoff,No,out_of_scope,out_of_scope,LS-12613,0.013,Yes
BOT-01116,silence,Yes,cant_tell,not_contradicted,,,No
BOT-01117,silence,Yes,cant_tell,not_contradicted,,,No
BOT-01118,handoff,No,out_of_scope,out_of_scope,LS-11461,0.013,No
BOT-01119,escalated,Yes,cant_tell,contradicted,LS-14996,0.028,No
BOT-01120,handoff,No,out_of_scope,out_of_scope,LS-13904,0.006,No
BOT-01121,silence,Yes,cant_tell,not_contradicted,,,No
BOT-01122,same_theme_30,Yes,cant_tell,contradicted,LS-14968,28.928,No
BOT-01123,silence,Yes,cant_tell,not_contradicted,,,No
BOT-01124,silence,Yes,cant_tell,not_contradicted,,,No
BOT-01125,reopened,Yes,cant_tell,contradicted,,,No
BOT-01126,silence,Yes,cant_tell,not_contradicted,,,No
BOT-01127,abandoned,No,out_of_scope,out_of_scope,,,No
BOT-01128,silence,Yes,cant_tell,not_contradicted,,,Yes
BOT-01129,silence,Yes,cant_tell,not_contradicted,,,No
BOT-01130,same_theme_30,Yes,cant_tell,contradicted,LS-12650,19.694,Yes
BOT-01131,silence,Yes,cant_tell,not_contradicted,,,No
BOT-01132,handoff,No,out_of_scope,out_of_scope,LS-10081,0.015,No
BOT-01133,silence,Yes,cant_tell,not_contradicted,,,No
BOT-01134,unrelated,Yes,cant_tell,not_contradicted,LS-11575,17.309,No
BOT-01135,abandoned,No,out_of_scope,out_of_scope,,,Yes
BOT-01136,unrelated,Yes,cant_tell,not_contradicted,LS-12859,0.474,Yes
BOT-01137,escalated,Yes,cant_tell,contradicted,LS-14723,0.028,No
BOT-01138,handoff,No,out_of_scope,out_of_scope,LS-14978,0.015,No
BOT-01139,silence,Yes,cant_tell,not_contradicted,,,No
BOT-01140,silence,Yes,cant_tell,not_contradicted,,,No
BOT-01141,silence,Yes,cant_tell,not_contradicted,,,No
BOT-01142,silence,Yes,cant_tell,not_contradicted,,,No
BOT-01143,silence,Yes,cant_tell,not_contradicted,,,No
BOT-01144,silence,Yes,cant_tell,not_contradicted,,,No
BOT-01145,silence,Yes,cant_tell,not_contradicted,,,No
BOT-01146,handoff,No,out_of_scope,out_of_scope,LS-10033,0.031,No
BOT-01147,silence,Yes,cant_tell,not_contradicted,,,Yes
BOT-01148,silence,Yes,cant_tell,not_contradicted,,,No
BOT-01149,silence,Yes,cant_tell,not_contradicted,,,No
BOT-01150,handoff,No,out_of_scope,out_of_scope,LS-14924,0.035,No
BOT-01151,same_theme_30,Yes,cant_tell,contradicted,LS-13050,16.215,No
BOT-01152,silence,Yes,cant_tell,not_contradicted,,,No
BOT-01153,silence,Yes,cant_tell,not_contradicted,,,No
BOT-01154,handoff,No,out_of_scope,out_of_scope,LS-13670,0.006,No
BOT-01155,silence,Yes,cant_tell,not_contradicted,,,No
BOT-01156,reopened,Yes,cant_tell,contradicted,,,No
BOT-01157,unrelated,Yes,cant_tell,not_contradicted,LS-12786,1.737,No
BOT-01158,same_theme_30,Yes,cant_tell,contradicted,LS-11141,17.874,Yes
BOT-01159,silence,Yes,cant_tell,not_contradicted,,,No
BOT-01160,escalated,Yes,cant_tell,contradicted,LS-12931,0.021,No
BOT-01161,silence,Yes,cant_tell,not_contradicted,,,No
BOT-01162,same_theme_14,Yes,cant_tell,contradicted,LS-12760,7.722,No
BOT-01163,unrelated,Yes,cant_tell,not_contradicted,LS-14277,3.388,No
BOT-01164,reopened,Yes,cant_tell,contradicted,,,No
BOT-01165,silence,Yes,cant_tell,not_contradicted,,,No
BOT-01166,silence,Yes,cant_tell,not_contradicted,,,No
BOT-01167,silence,Yes,cant_tell,not_contradicted,,,No
BOT-01168,silence,Yes,cant_tell,not_contradicted,,,No
BOT-01169,reopened,Yes,cant_tell,contradicted,,,No
BOT-01170,silence,Yes,cant_tell,not_contradicted,,,No
BOT-01171,silence,Yes,cant_tell,not_contradicted,,,No
BOT-01172,escalated,Yes,cant_tell,contradicted,LS-14228,0.018,No
BOT-01173,abandoned,No,out_of_scope,out_of_scope,,,No
BOT-01174,silence,Yes,cant_tell,not_contradicted,,,No
BOT-01175,silence,Yes,cant_tell,not_contradicted,,,No
BOT-01176,silence,Yes,cant_tell,not_contradicted,,,No
BOT-01177,silence,Yes,cant_tell,not_contradicted,,,No
BOT-01178,handoff,No,out_of_scope,out_of_scope,LS-14496,0.01,No
BOT-01179,handoff,No,out_of_scope,out_of_scope,LS-14223,0.01,No
BOT-01180,reopened,Yes,cant_tell,contradicted,,,No
BOT-01181,silence,Yes,cant_tell,not_contradicted,,,No
BOT-01182,abandoned,No,out_of_scope,out_of_scope,,,No
BOT-01183,silence,Yes,cant_tell,not_contradicted,,,No
BOT-01184,unrelated,Yes,cant_tell,not_contradicted,LS-13108,12.34,No
BOT-01185,unrelated,Yes,cant_tell,not_contradicted,LS-14689,9.029,No
BOT-01186,handoff,No,out_of_scope,out_of_scope,LS-14777,0.006,Yes
BOT-01187,escalated,Yes,cant_tell,contradicted,LS-12031,0.007,Yes
BOT-01188,reopened,Yes,cant_tell,contradicted,,,No
BOT-01189,handoff,No,out_of_scope,out_of_scope,LS-11509,0.031,Yes
BOT-01190,silence,Yes,cant_tell,not_contradicted,,,No
BOT-01191,abandoned,No,out_of_scope,out_of_scope,,,No
BOT-01192,silence,Yes,cant_tell,not_contradicted,,,Yes
BOT-01193,reopened,Yes,cant_tell,contradicted,,,No
BOT-01194,handoff,No,out_of_scope,out_of_scope,LS-10815,0.035,No
BOT-01195,same_theme_14,Yes,cant_tell,contradicted,LS-11184,8.581,No
BOT-01196,same_theme_7,Yes,cant_tell,contradicted,LS-11991,2.132,No
BOT-01197,handoff,No,out_of_scope,out_of_scope,LS-10089,0.008,No
BOT-01198,silence,Yes,cant_tell,not_contradicted,,,Yes
BOT-01199,silence,Yes,cant_tell,not_contradicted,,,No
BOT-01200,same_theme_14,Yes,cant_tell,contradicted,LS-13436,7.867,No
BOT-01201,silence,Yes,cant_tell,not_contradicted,,,Yes
BOT-01202,reopened,Yes,cant_tell,contradicted,,,No
BOT-01203,silence,Yes,cant_tell,not_contradicted,,,No
BOT-01204,same_theme_14,Yes,cant_tell,contradicted,LS-11649,7.564,Yes
BOT-01205,escalated,Yes,cant_tell,contradicted,LS-12359,0.019,No
BOT-01206,same_theme_30,Yes,cant_tell,contradicted,LS-11295,21.926,No
BOT-01207,unrelated,Yes,cant_tell,not_contradicted,LS-14149,17.634,No
BOT-01208,handoff,No,out_of_scope,out_of_scope,LS-11797,0.007,No
BOT-01209,same_theme_7,Yes,cant_tell,contradicted,LS-10451,4.284,No
BOT-01210,unrelated,Yes,cant_tell,not_contradicted,LS-10409,9.294,Yes
BOT-01211,silence,Yes,cant_tell,not_contradicted,,,No
BOT-01212,handoff,No,out_of_scope,out_of_scope,LS-10331,0.02,Yes
BOT-01213,abandoned,No,out_of_scope,out_of_scope,,,No
BOT-01214,silence,Yes,cant_tell,not_contradicted,,,No
BOT-01215,same_theme_30,Yes,cant_tell,contradicted,LS-11335,16.369,No
BOT-01216,handoff,No,out_of_scope,out_of_scope,LS-13465,0.035,No
BOT-01217,silence,Yes,cant_tell,not_contradicted,,,No
BOT-01218,handoff,No,out_of_scope,out_of_scope,LS-14488,0.01,No
BOT-01219,escalated,Yes,cant_tell,contradicted,LS-13380,0.017,No
BOT-01220,same_theme_7,Yes,cant_tell,contradicted,LS-10221,1.494,No
BOT-01221,silence,Yes,cant_tell,not_contradicted,,,No
BOT-01222,unrelated,Yes,cant_tell,not_contradicted,LS-10603,1.497,No
BOT-01223,same_theme_30,Yes,cant_tell,contradicted,LS-10524,18.392,No
BOT-01224,silence,Yes,cant_tell,not_contradicted,,,No
BOT-01225,silence,Yes,cant_tell,not_contradicted,,,No
BOT-01226,silence,Yes,cant_tell,not_contradicted,,,No
BOT-01227,silence,Yes,cant_tell,not_contradicted,,,No
BOT-01228,escalated,Yes,cant_tell,contradicted,LS-14380,0.036,No
BOT-01229,silence,Yes,cant_tell,not_contradicted,,,No
BOT-01230,silence,Yes,cant_tell,not_contradicted,,,No
BOT-01231,silence,Yes,cant_tell,not_contradicted,,,No
BOT-01232,escalated,Yes,cant_tell,contradicted,LS-12046,0.031,No
BOT-01233,handoff,No,out_of_scope,out_of_scope,LS-12034,0.017,No
BOT-01234,silence,Yes,cant_tell,not_contradicted,,,No
BOT-01235,abandoned,No,out_of_scope,out_of_scope,,,No
BOT-01236,reopened,Yes,cant_tell,contradicted,,,No
BOT-01237,escalated,Yes,cant_tell,contradicted,LS-11624,0.028,No
BOT-01238,escalated,Yes,cant_tell,contradicted,LS-11061,0.023,No
BOT-01239,silence,Yes,cant_tell,not_contradicted,,,No
BOT-01240,silence,Yes,cant_tell,not_contradicted,,,No
BOT-01241,handoff,No,out_of_scope,out_of_scope,LS-11172,0.037,Yes
BOT-01242,silence,Yes,cant_tell,not_contradicted,,,No
BOT-01243,same_theme_7,Yes,cant_tell,contradicted,LS-11638,4.203,No
BOT-01244,silence,Yes,cant_tell,not_contradicted,,,No
BOT-01245,same_theme_14,Yes,cant_tell,contradicted,LS-12589,7.522,No
BOT-01246,silence,Yes,cant_tell,not_contradicted,,,No
BOT-01247,silence,Yes,cant_tell,not_contradicted,,,No
BOT-01248,silence,Yes,cant_tell,not_contradicted,,,No
BOT-01249,silence,Yes,cant_tell,not_contradicted,,,No
BOT-01250,silence,Yes,cant_tell,not_contradicted,,,No
BOT-01251,silence,Yes,cant_tell,not_contradicted,,,No
BOT-01252,silence,Yes,cant_tell,not_contradicted,,,Yes
BOT-01253,same_theme_7,Yes,cant_tell,contradicted,LS-10861,6.049,No
BOT-01254,silence,Yes,cant_tell,not_contradicted,,,No
BOT-01255,reopened,Yes,cant_tell,contradicted,,,Yes
BOT-01256,silence,Yes,cant_tell,not_contradicted,,,No
BOT-01257,silence,Yes,cant_tell,not_contradicted,,,Yes
BOT-01258,same_theme_7,Yes,cant_tell,contradicted,LS-14371,0.692,No
BOT-01259,escalated,Yes,cant_tell,contradicted,LS-11253,0.01,Yes
BOT-01260,silence,Yes,cant_tell,not_contradicted,,,No
BOT-01261,same_theme_7,Yes,cant_tell,contradicted,LS-10067,2.783,No
BOT-01262,silence,Yes,cant_tell,not_contradicted,,,No
BOT-01263,silence,Yes,cant_tell,not_contradicted,,,No
BOT-01264,escalated,Yes,cant_tell,contradicted,LS-14327,0.019,No
BOT-01265,handoff,No,out_of_scope,out_of_scope,LS-12120,0.025,No
BOT-01266,abandoned,No,out_of_scope,out_of_scope,,,No
BOT-01267,handoff,No,out_of_scope,out_of_scope,LS-14634,0.038,No
BOT-01268,handoff,No,out_of_scope,out_of_scope,LS-11361,0.023,No
BOT-01269,handoff,No,out_of_scope,out_of_scope,LS-10751,0.035,No
BOT-01270,silence,Yes,cant_tell,not_contradicted,,,Yes
BOT-01271,silence,Yes,cant_tell,not_contradicted,,,No
BOT-01272,handoff,No,out_of_scope,out_of_scope,LS-10108,0.032,No
BOT-01273,silence,Yes,cant_tell,not_contradicted,,,No
BOT-01274,handoff,No,out_of_scope,out_of_scope,LS-13652,0.005,No
BOT-01275,reopened,Yes,cant_tell,contradicted,,,No
BOT-01276,silence,Yes,cant_tell,not_contradicted,,,No
BOT-01277,same_theme_7,Yes,cant_tell,contradicted,LS-11118,4.09,No
BOT-01278,handoff,No,out_of_scope,out_of_scope,LS-13861,0.006,No
BOT-01279,same_theme_30,Yes,cant_tell,contradicted,LS-13873,22.108,No
BOT-01280,unrelated,Yes,cant_tell,not_contradicted,LS-10783,20.794,No
BOT-01281,silence,Yes,cant_tell,not_contradicted,,,No
BOT-01282,silence,Yes,cant_tell,not_contradicted,,,No
BOT-01283,silence,Yes,cant_tell,not_contradicted,,,No
BOT-01284,same_theme_7,Yes,cant_tell,contradicted,LS-10117,1.508,No
BOT-01285,silence,Yes,cant_tell,not_contradicted,,,No
BOT-01286,silence,Yes,cant_tell,not_contradicted,,,No
BOT-01287,silence,Yes,cant_tell,not_contradicted,,,Yes
BOT-01288,silence,Yes,cant_tell,not_contradicted,,,No
BOT-01289,escalated,Yes,cant_tell,contradicted,LS-14853,0.016,No
BOT-01290,silence,Yes,cant_tell,not_contradicted,,,No
BOT-01291,silence,Yes,cant_tell,not_contradicted,,,No
BOT-01292,silence,Yes,cant_tell,not_contradicted,,,No
BOT-01293,escalated,Yes,cant_tell,contradicted,LS-12134,0.037,Yes
BOT-01294,silence,Yes,cant_tell,not_contradicted,,,No
BOT-01295,handoff,No,out_of_scope,out_of_scope,LS-13330,0.01,No
BOT-01296,abandoned,No,out_of_scope,out_of_scope,,,No
BOT-01297,silence,Yes,cant_tell,not_contradicted,,,No
BOT-01298,silence,Yes,cant_tell,not_contradicted,,,No
BOT-01299,silence,Yes,cant_tell,not_contradicted,,,No
BOT-01300,silence,Yes,cant_tell,not_contradicted,,,No
BOT-01301,silence,Yes,cant_tell,not_contradicted,,,No
BOT-01302,same_theme_14,Yes,cant_tell,contradicted,LS-10534,12.319,No
BOT-01303,silence,Yes,cant_tell,not_contradicted,,,No
BOT-01304,silence,Yes,cant_tell,not_contradicted,,,No
BOT-01305,reopened,Yes,cant_tell,contradicted,,,No
BOT-01306,reopened,Yes,cant_tell,contradicted,,,No
BOT-01307,handoff,No,out_of_scope,out_of_scope,LS-14131,0.035,No
BOT-01308,escalated,Yes,cant_tell,contradicted,LS-12409,0.004,No
BOT-01309,silence,Yes,cant_tell,not_contradicted,,,Yes
BOT-01310,escalated,Yes,cant_tell,contradicted,LS-14951,0.037,No
BOT-01311,silence,Yes,cant_tell,not_contradicted,,,No
BOT-01312,silence,Yes,cant_tell,not_contradicted,,,No
BOT-01313,silence,Yes,cant_tell,not_contradicted,,,No
BOT-01314,unrelated,Yes,cant_tell,not_contradicted,LS-12078,16.917,No
BOT-01315,silence,Yes,cant_tell,not_contradicted,,,No
BOT-01316,handoff,No,out_of_scope,out_of_scope,LS-12534,0.017,Yes
BOT-01317,handoff,No,out_of_scope,out_of_scope,LS-14424,0.013,Yes
BOT-01318,silence,Yes,cant_tell,not_contradicted,,,No
BOT-01319,same_theme_7,Yes,cant_tell,contradicted,LS-13135,5.885,No
BOT-01320,abandoned,No,out_of_scope,out_of_scope,,,No
BOT-01321,silence,Yes,cant_tell,not_contradicted,,,No
BOT-01322,silence,Yes,cant_tell,not_contradicted,,,No
BOT-01323,silence,Yes,cant_tell,not_contradicted,,,Yes
BOT-01324,same_theme_30,Yes,cant_tell,contradicted,LS-13212,19.706,Yes
BOT-01325,silence,Yes,cant_tell,not_contradicted,,,No
BOT-01326,silence,Yes,cant_tell,not_contradicted,,,No
BOT-01327,handoff,No,out_of_scope,out_of_scope,LS-13501,0.026,No
BOT-01328,silence,Yes,cant_tell,not_contradicted,,,No
BOT-01329,same_theme_14,Yes,cant_tell,contradicted,LS-15051,11.368,No
BOT-01330,silence,Yes,cant_tell,not_contradicted,,,No
BOT-01331,silence,Yes,cant_tell,not_contradicted,,,No
BOT-01332,silence,Yes,cant_tell,not_contradicted,,,Yes
BOT-01333,silence,Yes,cant_tell,not_contradicted,,,No
BOT-01334,silence,Yes,cant_tell,not_contradicted,,,No
BOT-01335,unrelated,Yes,cant_tell,not_contradicted,LS-12252,1.262,Yes
BOT-01336,silence,Yes,cant_tell,not_contradicted,,,No
BOT-01337,abandoned,No,out_of_scope,out_of_scope,,,No
BOT-01338,silence,Yes,cant_tell,not_contradicted,,,No
BOT-01339,silence,Yes,cant_tell,not_contradicted,,,No
BOT-01340,silence,Yes,cant_tell,not_contradicted,,,No
BOT-01341,handoff,No,out_of_scope,out_of_scope,LS-13646,0.037,No
BOT-01342,abandoned,No,out_of_scope,out_of_scope,,,No
BOT-01343,handoff,No,out_of_scope,out_of_scope,LS-12819,0.025,No
BOT-01344,silence,Yes,cant_tell,not_contradicted,,,No
BOT-01345,silence,Yes,cant_tell,not_contradicted,,,No
BOT-01346,silence,Yes,cant_tell,not_contradicted,,,Yes
BOT-01347,silence,Yes,cant_tell,not_contradicted,,,No
BOT-01348,silence,Yes,cant_tell,not_contradicted,,,Yes
BOT-01349,handoff,No,out_of_scope,out_of_scope,LS-12496,0.012,No
BOT-01350,handoff,No,out_of_scope,out_of_scope,LS-11353,0.036,No
BOT-01351,silence,Yes,cant_tell,not_contradicted,,,Yes
BOT-01352,handoff,No,out_of_scope,out_of_scope,LS-14452,0.015,No
BOT-01353,same_theme_30,Yes,cant_tell,contradicted,LS-11578,29.188,No
BOT-01354,silence,Yes,cant_tell,not_contradicted,,,No
BOT-01355,handoff,No,out_of_scope,out_of_scope,LS-11948,0.033,No
BOT-01356,silence,Yes,cant_tell,not_contradicted,,,No
BOT-01357,unrelated,Yes,cant_tell,not_contradicted,LS-12073,21.367,No
BOT-01358,reopened,Yes,cant_tell,contradicted,,,No
BOT-01359,silence,Yes,cant_tell,not_contradicted,,,No
BOT-01360,silence,Yes,cant_tell,not_contradicted,,,No
BOT-01361,same_theme_30,Yes,cant_tell,contradicted,LS-10700,22.653,No
BOT-01362,silence,Yes,cant_tell,not_contradicted,,,No
BOT-01363,unrelated,Yes,cant_tell,not_contradicted,LS-11786,3.491,No
BOT-01364,handoff,No,out_of_scope,out_of_scope,LS-12712,0.038,No
BOT-01365,escalated,Yes,cant_tell,contradicted,LS-10377,0.021,Yes
BOT-01366,escalated,Yes,cant_tell,contradicted,LS-14405,0.013,No
BOT-01367,silence,Yes,cant_tell,not_contradicted,,,No
BOT-01368,handoff,No,out_of_scope,out_of_scope,LS-10862,0.027,No
BOT-01369,silence,Yes,cant_tell,not_contradicted,,,No
BOT-01370,silence,Yes,cant_tell,not_contradicted,,,No
BOT-01371,silence,Yes,cant_tell,not_contradicted,,,No
BOT-01372,handoff,No,out_of_scope,out_of_scope,LS-11373,0.01,No
BOT-01373,handoff,No,out_of_scope,out_of_scope,LS-10363,0.016,No
BOT-01374,reopened,Yes,cant_tell,contradicted,,,No
BOT-01375,same_theme_14,Yes,cant_tell,contradicted,LS-14443,10.262,No
BOT-01376,silence,Yes,cant_tell,not_contradicted,,,No
BOT-01377,silence,Yes,cant_tell,not_contradicted,,,No
BOT-01378,silence,Yes,cant_tell,not_contradicted,,,No
BOT-01379,silence,Yes,cant_tell,not_contradicted,,,No
BOT-01380,abandoned,No,out_of_scope,out_of_scope,,,No
BOT-01381,silence,Yes,cant_tell,not_contradicted,,,Yes
BOT-01382,silence,Yes,cant_tell,not_contradicted,,,Yes
BOT-01383,same_theme_7,Yes,cant_tell,contradicted,LS-11943,4.231,Yes
BOT-01384,handoff,No,out_of_scope,out_of_scope,LS-10828,0.004,No
BOT-01385,silence,Yes,cant_tell,not_contradicted,,,No
BOT-01386,escalated,Yes,cant_tell,contradicted,LS-12080,0.025,No
BOT-01387,silence,Yes,cant_tell,not_contradicted,,,Yes
BOT-01388,handoff,No,out_of_scope,out_of_scope,LS-12882,0.03,No
BOT-01389,unrelated,Yes,cant_tell,not_contradicted,LS-12914,3.689,No
BOT-01390,silence,Yes,cant_tell,not_contradicted,,,No
BOT-01391,handoff,No,out_of_scope,out_of_scope,LS-11075,0.022,No
BOT-01392,reopened,Yes,cant_tell,contradicted,,,No
BOT-01393,handoff,No,out_of_scope,out_of_scope,LS-10294,0.021,No
BOT-01394,unrelated,Yes,cant_tell,not_contradicted,LS-11385,8.753,No
BOT-01395,same_theme_7,Yes,cant_tell,contradicted,LS-10424,3.106,No
BOT-01396,handoff,No,out_of_scope,out_of_scope,LS-13083,0.034,No
BOT-01397,reopened,Yes,cant_tell,contradicted,,,Yes
BOT-01398,same_theme_30,Yes,cant_tell,contradicted,LS-12003,18.636,No
BOT-01399,silence,Yes,cant_tell,not_contradicted,,,No
BOT-01400,escalated,Yes,cant_tell,contradicted,LS-10629,0.022,No
BOT-01401,silence,Yes,cant_tell,not_contradicted,,,No
BOT-01402,reopened,Yes,cant_tell,contradicted,,,No
BOT-01403,silence,Yes,cant_tell,not_contradicted,,,No
BOT-01404,silence,Yes,cant_tell,not_contradicted,,,No
BOT-01405,silence,Yes,cant_tell,not_contradicted,,,No
BOT-01406,escalated,Yes,cant_tell,contradicted,LS-10253,0.038,No
BOT-01407,silence,Yes,cant_tell,not_contradicted,,,No
BOT-01408,silence,Yes,cant_tell,not_contradicted,,,No
BOT-01409,handoff,No,out_of_scope,out_of_scope,LS-11780,0.019,No
BOT-01410,silence,Yes,cant_tell,not_contradicted,,,No
BOT-01411,silence,Yes,cant_tell,not_contradicted,,,No
BOT-01412,handoff,No,out_of_scope,out_of_scope,LS-13486,0.012,No
BOT-01413,silence,Yes,cant_tell,not_contradicted,,,No
BOT-01414,unrelated,Yes,cant_tell,not_contradicted,LS-14456,10.78,No
BOT-01415,silence,Yes,cant_tell,not_contradicted,,,No
BOT-01416,handoff,No,out_of_scope,out_of_scope,LS-10808,0.019,Yes
BOT-01417,unrelated,Yes,cant_tell,not_contradicted,LS-12512,2.819,No
BOT-01418,handoff,No,out_of_scope,out_of_scope,LS-13718,0.033,No
BOT-01419,handoff,No,out_of_scope,out_of_scope,LS-12526,0.026,No
BOT-01420,handoff,No,out_of_scope,out_of_scope,LS-14585,0.023,No
BOT-01421,handoff,No,out_of_scope,out_of_scope,LS-15083,0.005,No
BOT-01422,handoff,No,out_of_scope,out_of_scope,LS-14055,0.01,No
BOT-01423,silence,Yes,cant_tell,not_contradicted,,,No
BOT-01424,silence,Yes,cant_tell,not_contradicted,,,No
BOT-01425,handoff,No,out_of_scope,out_of_scope,LS-13095,0.028,No
BOT-01426,silence,Yes,cant_tell,not_contradicted,,,No
BOT-01427,silence,Yes,cant_tell,not_contradicted,,,No
BOT-01428,abandoned,No,out_of_scope,out_of_scope,,,No
BOT-01429,silence,Yes,cant_tell,not_contradicted,,,No
BOT-01430,silence,Yes,cant_tell,not_contradicted,,,No
BOT-01431,silence,Yes,cant_tell,not_contradicted,,,Yes
BOT-01432,unrelated,Yes,cant_tell,not_contradicted,LS-14597,9.806,No
BOT-01433,abandoned,No,out_of_scope,out_of_scope,,,No
BOT-01434,unrelated,Yes,cant_tell,not_contradicted,LS-11918,18.969,No
BOT-01435,unrelated,Yes,cant_tell,not_contradicted,LS-10226,9.942,No
BOT-01436,silence,Yes,cant_tell,not_contradicted,,,No
BOT-01437,same_theme_7,Yes,cant_tell,contradicted,LS-14245,4.118,No
BOT-01438,silence,Yes,cant_tell,not_contradicted,,,No
BOT-01439,unrelated,Yes,cant_tell,not_contradicted,LS-14883,21.909,No
BOT-01440,same_theme_7,Yes,cant_tell,contradicted,LS-12090,1.225,No
BOT-01441,handoff,No,out_of_scope,out_of_scope,LS-10776,0.004,No
BOT-01442,reopened,Yes,cant_tell,contradicted,,,Yes
BOT-01443,unrelated,Yes,cant_tell,not_contradicted,LS-13684,13.017,No
BOT-01444,handoff,No,out_of_scope,out_of_scope,LS-10448,0.014,No
BOT-01445,escalated,Yes,cant_tell,contradicted,LS-11598,0.019,No
BOT-01446,silence,Yes,cant_tell,not_contradicted,,,No
BOT-01447,handoff,No,out_of_scope,out_of_scope,LS-14887,0.033,No
BOT-01448,silence,Yes,cant_tell,not_contradicted,,,No
BOT-01449,escalated,Yes,cant_tell,contradicted,LS-12405,0.01,No
BOT-01450,abandoned,No,out_of_scope,out_of_scope,,,No
BOT-01451,silence,Yes,cant_tell,not_contradicted,,,No
BOT-01452,escalated,Yes,cant_tell,contradicted,LS-10170,0.009,No
BOT-01453,silence,Yes,cant_tell,not_contradicted,,,No
BOT-01454,unrelated,Yes,cant_tell,not_contradicted,LS-10825,13.944,No
BOT-01455,silence,Yes,cant_tell,not_contradicted,,,No
BOT-01456,reopened,Yes,cant_tell,contradicted,,,No
BOT-01457,same_theme_7,Yes,cant_tell,contradicted,LS-14695,5.174,No
BOT-01458,silence,Yes,cant_tell,not_contradicted,,,No
BOT-01459,silence,Yes,cant_tell,not_contradicted,,,No
BOT-01460,escalated,Yes,cant_tell,contradicted,LS-13210,0.013,Yes
BOT-01461,abandoned,No,out_of_scope,out_of_scope,,,No
BOT-01462,unrelated,Yes,cant_tell,not_contradicted,LS-10002,12.006,No
BOT-01463,reopened,Yes,cant_tell,contradicted,,,No
BOT-01464,silence,Yes,cant_tell,not_contradicted,,,No
BOT-01465,same_theme_7,Yes,cant_tell,contradicted,LS-12043,3.572,No
BOT-01466,unrelated,Yes,cant_tell,not_contradicted,LS-11272,6.328,No
BOT-01467,same_theme_7,Yes,cant_tell,contradicted,LS-14229,2.56,No
BOT-01468,silence,Yes,cant_tell,not_contradicted,,,No
BOT-01469,silence,Yes,cant_tell,not_contradicted,,,No
BOT-01470,silence,Yes,cant_tell,not_contradicted,,,No
BOT-01471,unrelated,Yes,cant_tell,not_contradicted,LS-14335,1.04,No
BOT-01472,abandoned,No,out_of_scope,out_of_scope,,,No
BOT-01473,silence,Yes,cant_tell,not_contradicted,,,Yes
BOT-01474,same_theme_7,Yes,cant_tell,contradicted,LS-10845,5.609,Yes
BOT-01475,silence,Yes,cant_tell,not_contradicted,,,No
BOT-01476,abandoned,No,out_of_scope,out_of_scope,,,No
BOT-01477,abandoned,No,out_of_scope,out_of_scope,,,No
BOT-01478,silence,Yes,cant_tell,not_contradicted,,,No
BOT-01479,handoff,No,out_of_scope,out_of_scope,LS-14159,0.005,No
BOT-01480,silence,Yes,cant_tell,not_contradicted,,,No
BOT-01481,silence,Yes,cant_tell,not_contradicted,,,No
BOT-01482,silence,Yes,cant_tell,not_contradicted,,,No
BOT-01483,handoff,No,out_of_scope,out_of_scope,LS-14946,0.018,Yes
BOT-01484,abandoned,No,out_of_scope,out_of_scope,,,No
BOT-01485,silence,Yes,cant_tell,not_contradicted,,,No
BOT-01486,escalated,Yes,cant_tell,contradicted,LS-14269,0.035,No
BOT-01487,silence,Yes,cant_tell,not_contradicted,,,No
BOT-01488,escalated,Yes,cant_tell,contradicted,LS-13366,0.008,Yes
BOT-01489,escalated,Yes,cant_tell,contradicted,LS-11123,0.029,No
BOT-01490,abandoned,No,out_of_scope,out_of_scope,,,No
BOT-01491,unrelated,Yes,cant_tell,not_contradicted,LS-12113,28.21,No
BOT-01492,unrelated,Yes,cant_tell,not_contradicted,LS-12606,5.854,Yes
BOT-01493,abandoned,No,out_of_scope,out_of_scope,,,No
BOT-01494,escalated,Yes,cant_tell,contradicted,LS-13016,0.01,No
BOT-01495,handoff,No,out_of_scope,out_of_scope,LS-14302,0.037,No
BOT-01496,reopened,Yes,cant_tell,contradicted,,,No
BOT-01497,silence,Yes,cant_tell,not_contradicted,,,No
BOT-01498,abandoned,No,out_of_scope,out_of_scope,,,No
BOT-01499,same_theme_14,Yes,cant_tell,contradicted,LS-10345,11.515,No
BOT-01500,silence,Yes,cant_tell,not_contradicted,,,No
